beat,firstporace,total,white,black,hispanic,other
0111,ASIAN/PACIFIC ISLANDER,39,16,20,2,1
0111,WHITE,1162,326,691,99,46
0111,HISPANIC,351,80,238,30,3
0111,AMER IND/ALASKAN NATIVE,1,0,1,0,0
0111,BLACK,419,109,263,27,20
0112,AMER IND/ALASKAN NATIVE,4,2,1,0,1
0112,HISPANIC,211,33,149,23,6
0112,BLACK,231,75,116,27,13
0112,ASIAN/PACIFIC ISLANDER,51,9,36,5,1
0112,WHITE,873,235,548,64,26
0113,WHITE,907,175,653,62,17
0113,ASIAN/PACIFIC ISLANDER,44,16,22,6,0
0113,BLACK,296,57,211,17,11
0113,HISPANIC,254,50,186,12,6
0114,AMER IND/ALASKAN NATIVE,1,0,1,0,0
0114,WHITE,636,202,340,65,29
0114,BLACK,249,78,123,22,26
0114,HISPANIC,193,63,107,22,1
0114,ASIAN/PACIFIC ISLANDER,12,2,5,2,3
0121,AMER IND/ALASKAN NATIVE,3,1,2,0,0
0121,BLACK,84,37,39,3,5
0121,HISPANIC,152,44,91,11,6
0121,ASIAN/PACIFIC ISLANDER,21,9,11,1,0
0121,WHITE,635,227,329,23,56
0122,WHITE,876,259,520,65,32
0122,HISPANIC,304,66,199,33,6
0122,AMER IND/ALASKAN NATIVE,1,0,1,0,0
0122,ASIAN/PACIFIC ISLANDER,30,9,17,4,0
0122,BLACK,281,74,164,26,17
0123,HISPANIC,253,40,184,19,10
0123,AMER IND/ALASKAN NATIVE,1,0,1,0,0
0123,BLACK,584,128,397,37,22
0123,ASIAN/PACIFIC ISLANDER,18,4,7,7,0
0123,WHITE,853,202,553,54,44
0124,BLACK,412,79,280,40,13
0124,ASIAN/PACIFIC ISLANDER,46,4,39,2,1
0124,AMER IND/ALASKAN NATIVE,3,1,2,0,0
0124,HISPANIC,363,67,268,22,6
0124,WHITE,678,90,550,30,8
0131,HISPANIC,312,55,229,23,5
0131,ASIAN/PACIFIC ISLANDER,33,9,21,0,3
0131,WHITE,686,117,458,81,30
0131,BLACK,417,92,260,30,35
0131,AMER IND/ALASKAN NATIVE,6,2,3,0,1
0132,WHITE,393,203,119,56,15
0132,ASIAN/PACIFIC ISLANDER,15,3,11,0,1
0132,HISPANIC,123,27,63,23,10
0132,BLACK,182,59,83,27,13
0132,AMER IND/ALASKAN NATIVE,10,0,10,0,0
0133,ASIAN/PACIFIC ISLANDER,36,4,32,0,0
0133,HISPANIC,236,11,215,6,4
0133,BLACK,190,17,153,7,13
0133,AMER IND/ALASKAN NATIVE,3,0,3,0,0
0133,WHITE,269,31,216,11,11
0211,WHITE,603,35,549,6,13
0211,BLACK,771,34,698,17,22
0211,ASIAN/PACIFIC ISLANDER,31,1,29,1,0
0211,AMER IND/ALASKAN NATIVE,140,4,134,2,0
0211,HISPANIC,247,22,218,4,3
0212,UNKNOWN,1,0,1,0,0
0212,BLACK,1275,50,1173,39,13
0212,AMER IND/ALASKAN NATIVE,111,2,109,0,0
0212,HISPANIC,388,8,373,7,0
0212,WHITE,833,17,804,10,2
0212,ASIAN/PACIFIC ISLANDER,76,3,73,0,0
0213,BLACK,756,27,693,30,6
0213,HISPANIC,320,6,304,8,2
0213,ASIAN/PACIFIC ISLANDER,65,3,59,3,0
0213,AMER IND/ALASKAN NATIVE,46,2,41,2,1
0213,WHITE,565,40,491,22,12
0214,AMER IND/ALASKAN NATIVE,18,0,18,0,0
0214,HISPANIC,227,1,223,3,0
0214,ASIAN/PACIFIC ISLANDER,30,0,29,1,0
0214,WHITE,303,2,296,4,1
0214,BLACK,821,18,781,13,9
0215,HISPANIC,468,6,456,3,3
0215,AMER IND/ALASKAN NATIVE,20,0,20,0,0
0215,ASIAN/PACIFIC ISLANDER,65,0,62,3,0
0215,BLACK,825,16,780,16,13
0215,WHITE,738,7,719,7,5
0221,HISPANIC,346,5,338,0,3
0221,BLACK,628,14,603,8,3
0221,WHITE,570,6,557,7,0
0221,ASIAN/PACIFIC ISLANDER,61,0,61,0,0
0221,AMER IND/ALASKAN NATIVE,25,0,25,0,0
0222,ASIAN/PACIFIC ISLANDER,27,0,26,1,0
0222,BLACK,809,50,724,22,13
0222,WHITE,245,12,222,8,3
0222,AMER IND/ALASKAN NATIVE,18,0,18,0,0
0222,UNKNOWN,1,0,0,0,1
0222,HISPANIC,228,19,199,8,2
0223,HISPANIC,205,5,199,1,0
0223,BLACK,795,15,764,10,6
0223,WHITE,359,7,344,3,5
0223,AMER IND/ALASKAN NATIVE,17,0,17,0,0
0223,UNKNOWN,1,1,0,0,0
0223,ASIAN/PACIFIC ISLANDER,39,1,37,0,1
0224,AMER IND/ALASKAN NATIVE,19,0,19,0,0
0224,WHITE,790,8,766,14,2
0224,HISPANIC,417,16,392,7,2
0224,BLACK,1029,16,988,13,12
0224,ASIAN/PACIFIC ISLANDER,66,0,65,1,0
0225,ASIAN/PACIFIC ISLANDER,82,2,78,2,0
0225,AMER IND/ALASKAN NATIVE,58,0,58,0,0
0225,HISPANIC,601,12,572,12,5
0225,BLACK,1718,40,1621,35,22
0225,WHITE,977,26,931,17,3
0231,BLACK,1161,31,1103,16,11
0231,WHITE,1049,16,1023,5,5
0231,AMER IND/ALASKAN NATIVE,33,0,33,0,0
0231,HISPANIC,617,11,594,12,0
0231,ASIAN/PACIFIC ISLANDER,108,3,100,3,2
0232,AMER IND/ALASKAN NATIVE,30,0,30,0,0
0232,ASIAN/PACIFIC ISLANDER,121,0,120,0,1
0232,HISPANIC,868,13,842,10,3
0232,BLACK,1399,19,1354,20,6
0232,WHITE,1180,18,1148,11,3
0233,WHITE,229,8,214,5,2
0233,BLACK,674,59,580,15,20
0233,AMER IND/ALASKAN NATIVE,7,0,7,0,0
0233,ASIAN/PACIFIC ISLANDER,50,6,43,1,0
0233,HISPANIC,193,1,187,3,2
0234,AMER IND/ALASKAN NATIVE,5,0,5,0,0
0234,WHITE,184,16,158,5,5
0234,HISPANIC,45,3,40,1,1
0234,ASIAN/PACIFIC ISLANDER,14,3,10,1,0
0234,BLACK,703,102,552,23,26
0235,WHITE,71,8,57,4,2
0235,BLACK,429,112,290,14,13
0235,AMER IND/ALASKAN NATIVE,2,1,1,0,0
0235,ASIAN/PACIFIC ISLANDER,11,2,7,1,1
0235,HISPANIC,64,13,46,4,1
0311,ASIAN/PACIFIC ISLANDER,93,2,91,0,0
0311,WHITE,949,21,913,11,4
0311,AMER IND/ALASKAN NATIVE,4,0,4,0,0
0311,BLACK,924,26,869,24,5
0311,HISPANIC,605,8,582,11,4
0312,ASIAN/PACIFIC ISLANDER,248,7,238,3,0
0312,WHITE,2684,35,2611,31,7
0312,HISPANIC,1438,16,1388,22,12
0312,AMER IND/ALASKAN NATIVE,3,0,3,0,0
0312,BLACK,2095,52,2006,29,8
0313,HISPANIC,965,12,941,7,5
0313,BLACK,1093,12,1062,15,4
0313,ASIAN/PACIFIC ISLANDER,158,2,155,1,0
0313,WHITE,1469,18,1439,10,2
0314,HISPANIC,212,4,202,2,4
0314,BLACK,536,17,501,13,5
0314,ASIAN/PACIFIC ISLANDER,31,0,31,0,0
0314,WHITE,533,10,515,6,2
0321,WHITE,3015,49,2924,34,8
0321,HISPANIC,1359,20,1314,15,10
0321,BLACK,1560,33,1495,27,5
0321,ASIAN/PACIFIC ISLANDER,261,1,260,0,0
0322,WHITE,2084,36,2019,24,5
0322,HISPANIC,866,11,844,8,3
0322,ASIAN/PACIFIC ISLANDER,195,1,191,2,1
0322,BLACK,1073,16,1038,11,8
0323,WHITE,2126,37,2058,25,6
0323,BLACK,1444,15,1404,19,6
0323,HISPANIC,1018,9,986,15,8
0323,ASIAN/PACIFIC ISLANDER,293,2,289,1,1
0324,ASIAN/PACIFIC ISLANDER,122,0,122,0,0
0324,BLACK,1133,25,1086,17,5
0324,WHITE,1131,7,1106,15,3
0324,HISPANIC,693,13,674,5,1
0331,BLACK,1579,14,1523,30,12
0331,WHITE,1300,19,1236,35,10
0331,ASIAN/PACIFIC ISLANDER,150,0,150,0,0
0331,"",1,0,1,0,0
0331,HISPANIC,751,8,721,17,5
0332,WHITE,1333,17,1299,13,4
0332,BLACK,1515,20,1462,23,10
0332,ASIAN/PACIFIC ISLANDER,199,0,199,0,0
0332,HISPANIC,835,10,816,6,3
0333,HISPANIC,510,7,494,7,2
0333,ASIAN/PACIFIC ISLANDER,105,0,102,2,1
0333,BLACK,930,15,896,12,7
0333,WHITE,822,10,798,9,5
0334,HISPANIC,720,27,662,28,3
0334,ASIAN/PACIFIC ISLANDER,68,1,66,1,0
0334,BLACK,769,21,725,16,7
0334,WHITE,991,14,935,36,6
0411,AMER IND/ALASKAN NATIVE,1,0,1,0,0
0411,BLACK,540,7,523,7,3
0411,HISPANIC,308,7,297,3,1
0411,ASIAN/PACIFIC ISLANDER,20,1,19,0,0
0411,WHITE,624,3,613,7,1
0412,WHITE,585,35,534,15,1
0412,HISPANIC,250,9,229,12,0
0412,AMER IND/ALASKAN NATIVE,1,0,1,0,0
0412,BLACK,393,8,377,7,1
0412,ASIAN/PACIFIC ISLANDER,36,1,33,1,1
0413,HISPANIC,267,5,247,14,1
0413,WHITE,702,12,673,15,2
0413,BLACK,299,7,288,3,1
0413,ASIAN/PACIFIC ISLANDER,2,0,2,0,0
0414,AMER IND/ALASKAN NATIVE,1,0,1,0,0
0414,BLACK,801,14,777,7,3
0414,ASIAN/PACIFIC ISLANDER,57,0,57,0,0
0414,WHITE,1377,23,1337,8,9
0414,HISPANIC,581,14,559,6,2
0421,HISPANIC,927,15,883,22,7
0421,ASIAN/PACIFIC ISLANDER,76,2,73,1,0
0421,BLACK,1228,12,1183,26,7
0421,AMER IND/ALASKAN NATIVE,2,0,2,0,0
0421,WHITE,2092,36,2017,33,6
0422,ASIAN/PACIFIC ISLANDER,37,0,35,2,0
0422,WHITE,1922,26,1832,49,15
0422,HISPANIC,898,16,858,21,3
0422,BLACK,749,11,717,14,7
0422,AMER IND/ALASKAN NATIVE,6,0,6,0,0
0423,WHITE,2832,54,2377,397,4
0423,BLACK,815,28,712,73,2
0423,ASIAN/PACIFIC ISLANDER,87,0,69,18,0
0423,HISPANIC,1726,36,1378,300,12
0424,BLACK,370,10,296,60,4
0424,WHITE,1290,29,917,341,3
0424,HISPANIC,822,24,561,231,6
0424,ASIAN/PACIFIC ISLANDER,18,2,13,2,1
0431,ASIAN/PACIFIC ISLANDER,30,1,21,8,0
0431,BLACK,237,10,207,20,0
0431,HISPANIC,629,27,471,129,2
0431,WHITE,1358,53,1098,198,9
0432,HISPANIC,771,77,170,520,4
0432,WHITE,1549,151,336,1050,12
0432,BLACK,53,3,16,33,1
0432,ASIAN/PACIFIC ISLANDER,44,5,15,23,1
0433,ASIAN/PACIFIC ISLANDER,12,4,1,7,0
0433,BLACK,23,11,8,4,0
0433,WHITE,569,156,126,283,4
0433,HISPANIC,349,80,61,199,9
0434,HISPANIC,248,19,163,62,4
0434,ASIAN/PACIFIC ISLANDER,6,0,4,2,0
0434,BLACK,99,4,83,12,0
0434,WHITE,586,29,409,146,2
0511,BLACK,1563,27,1489,36,11
0511,ASIAN/PACIFIC ISLANDER,180,1,179,0,0
0511,AMER IND/ALASKAN NATIVE,7,0,7,0,0
0511,HISPANIC,833,17,804,10,2
0511,WHITE,2473,28,2420,20,5
0512,BLACK,1451,20,1404,20,7
0512,ASIAN/PACIFIC ISLANDER,196,0,195,1,0
0512,WHITE,2299,25,2243,18,13
0512,HISPANIC,828,6,816,4,2
0513,WHITE,2080,29,2024,20,7
0513,HISPANIC,884,22,852,6,4
0513,BLACK,1219,18,1176,18,7
0513,ASIAN/PACIFIC ISLANDER,158,0,156,2,0
0513,AMER IND/ALASKAN NATIVE,2,0,2,0,0
0522,WHITE,3095,39,3021,29,6
0522,AMER IND/ALASKAN NATIVE,2,0,2,0,0
0522,BLACK,1625,13,1575,34,3
0522,HISPANIC,1181,7,1157,16,1
0522,ASIAN/PACIFIC ISLANDER,316,4,309,3,0
0523,WHITE,1321,26,1284,8,3
0523,BLACK,865,12,841,9,3
0523,ASIAN/PACIFIC ISLANDER,64,1,62,1,0
0523,AMER IND/ALASKAN NATIVE,4,0,4,0,0
0523,HISPANIC,476,5,464,6,1
0524,ASIAN/PACIFIC ISLANDER,211,2,200,7,2
0524,WHITE,2416,33,2350,22,11
0524,BLACK,1432,24,1379,17,12
0524,HISPANIC,754,11,731,6,6
0524,AMER IND/ALASKAN NATIVE,7,0,7,0,0
0531,AMER IND/ALASKAN NATIVE,1,0,1,0,0
0531,ASIAN/PACIFIC ISLANDER,102,1,100,0,1
0531,HISPANIC,518,7,481,27,3
0531,BLACK,1153,28,1097,21,7
0531,WHITE,1078,21,1021,33,3
0532,BLACK,912,25,819,60,8
0532,HISPANIC,824,19,700,105,0
0532,WHITE,1463,31,1296,131,5
0532,ASIAN/PACIFIC ISLANDER,117,1,96,20,0
0533,HISPANIC,310,4,300,5,1
0533,ASIAN/PACIFIC ISLANDER,56,1,55,0,0
0533,WHITE,847,11,827,9,0
0533,BLACK,648,14,622,9,3
0611,BLACK,976,26,928,14,8
0611,ASIAN/PACIFIC ISLANDER,158,4,149,3,2
0611,HISPANIC,1058,15,1031,10,2
0611,AMER IND/ALASKAN NATIVE,13,0,13,0,0
0611,WHITE,1561,35,1503,17,6
0612,WHITE,1474,17,1446,11,0
0612,ASIAN/PACIFIC ISLANDER,82,0,82,0,0
0612,AMER IND/ALASKAN NATIVE,9,1,8,0,0
0612,BLACK,1007,15,967,17,8
0612,HISPANIC,862,9,839,12,2
0613,ASIAN/PACIFIC ISLANDER,52,1,51,0,0
0613,BLACK,798,11,777,10,0
0613,AMER IND/ALASKAN NATIVE,15,0,15,0,0
0613,WHITE,1403,13,1379,11,0
0613,HISPANIC,767,7,750,9,1
0614,BLACK,602,5,584,10,3
0614,WHITE,1163,24,1126,11,2
0614,HISPANIC,605,5,594,4,2
0614,AMER IND/ALASKAN NATIVE,17,1,16,0,0
0614,ASIAN/PACIFIC ISLANDER,65,0,65,0,0
0621,BLACK,1343,22,1308,9,4
0621,AMER IND/ALASKAN NATIVE,8,0,8,0,0
0621,ASIAN/PACIFIC ISLANDER,66,2,64,0,0
0621,HISPANIC,748,12,726,5,5
0621,WHITE,1476,20,1443,11,2
0622,HISPANIC,190,5,177,6,2
0622,WHITE,333,7,325,1,0
0622,BLACK,330,6,316,8,0
0622,AMER IND/ALASKAN NATIVE,12,0,12,0,0
0622,ASIAN/PACIFIC ISLANDER,15,0,13,1,1
0623,ASIAN/PACIFIC ISLANDER,32,0,31,1,0
0623,AMER IND/ALASKAN NATIVE,9,0,9,0,0
0623,BLACK,1108,19,1069,17,3
0623,WHITE,773,10,751,8,4
0623,HISPANIC,492,11,470,7,4
0624,HISPANIC,1406,14,1377,12,3
0624,ASIAN/PACIFIC ISLANDER,37,1,36,0,0
0624,WHITE,2195,17,2148,17,13
0624,AMER IND/ALASKAN NATIVE,48,0,48,0,0
0624,BLACK,1709,18,1660,21,10
0631,HISPANIC,856,15,837,3,1
0631,WHITE,1428,22,1382,19,5
0631,AMER IND/ALASKAN NATIVE,189,0,188,1,0
0631,BLACK,1148,12,1118,14,4
0631,ASIAN/PACIFIC ISLANDER,46,0,46,0,0
0632,AMER IND/ALASKAN NATIVE,53,0,52,1,0
0632,BLACK,806,17,773,9,7
0632,HISPANIC,546,6,530,8,2
0632,ASIAN/PACIFIC ISLANDER,24,2,22,0,0
0632,WHITE,859,12,831,14,2
0633,ASIAN/PACIFIC ISLANDER,5,0,5,0,0
0633,HISPANIC,234,4,227,2,1
0633,WHITE,358,4,351,3,0
0633,AMER IND/ALASKAN NATIVE,7,0,7,0,0
0633,BLACK,404,4,398,2,0
0634,ASIAN/PACIFIC ISLANDER,29,0,29,0,0
0634,HISPANIC,314,9,300,2,3
0634,AMER IND/ALASKAN NATIVE,5,0,5,0,0
0634,BLACK,908,24,860,14,10
0634,WHITE,743,29,698,12,4
0711,AMER IND/ALASKAN NATIVE,3,0,2,1,0
0711,HISPANIC,632,8,610,11,3
0711,WHITE,1669,25,1612,28,4
0711,ASIAN/PACIFIC ISLANDER,91,4,83,4,0
0711,BLACK,286,3,277,6,0
0712,ASIAN/PACIFIC ISLANDER,188,3,181,3,1
0712,WHITE,2426,45,2323,51,7
0712,BLACK,431,3,414,9,5
0712,HISPANIC,720,8,699,11,2
0712,AMER IND/ALASKAN NATIVE,6,0,5,1,0
0713,WHITE,2728,49,2583,90,6
0713,HISPANIC,765,9,724,27,5
0713,BLACK,659,5,638,13,3
0713,AMER IND/ALASKAN NATIVE,3,0,2,1,0
0713,ASIAN/PACIFIC ISLANDER,153,5,145,2,1
0714,HISPANIC,498,6,480,11,1
0714,ASIAN/PACIFIC ISLANDER,111,0,109,2,0
0714,WHITE,1430,15,1363,46,6
0714,BLACK,436,13,402,18,3
0715,AMER IND/ALASKAN NATIVE,3,0,3,0,0
0715,ASIAN/PACIFIC ISLANDER,56,2,51,3,0
0715,BLACK,606,14,541,48,3
0715,HISPANIC,612,19,534,54,5
0715,WHITE,1529,40,1404,79,6
0722,ASIAN/PACIFIC ISLANDER,92,1,89,2,0
0722,AMER IND/ALASKAN NATIVE,2,0,2,0,0
0722,HISPANIC,432,4,421,4,3
0722,BLACK,458,7,440,6,5
0722,WHITE,1173,14,1140,15,4
0723,WHITE,2652,20,2596,33,3
0723,BLACK,541,4,530,6,1
0723,HISPANIC,958,15,930,9,4
0723,ASIAN/PACIFIC ISLANDER,159,0,159,0,0
0723,AMER IND/ALASKAN NATIVE,8,2,4,2,0
0724,ASIAN/PACIFIC ISLANDER,226,2,222,2,0
0724,AMER IND/ALASKAN NATIVE,2,0,1,1,0
0724,HISPANIC,576,4,566,6,0
0724,WHITE,1662,16,1630,14,2
0724,BLACK,259,3,252,4,0
0725,AMER IND/ALASKAN NATIVE,9,0,9,0,0
0725,ASIAN/PACIFIC ISLANDER,236,0,226,8,2
0725,WHITE,2795,26,2721,43,5
0725,BLACK,727,9,712,6,0
0725,HISPANIC,1091,9,1062,16,4
0726,ASIAN/PACIFIC ISLANDER,173,0,166,5,2
0726,BLACK,478,8,456,10,4
0726,WHITE,1730,21,1686,17,6
0726,HISPANIC,760,9,731,17,3
0731,ASIAN/PACIFIC ISLANDER,72,2,67,3,0
0731,BLACK,374,10,360,4,0
0731,WHITE,1470,23,1427,11,9
0731,HISPANIC,723,9,701,10,3
0731,AMER IND/ALASKAN NATIVE,14,1,13,0,0
0732,BLACK,324,5,314,2,3
0732,AMER IND/ALASKAN NATIVE,91,0,88,3,0
0732,WHITE,1567,20,1518,17,12
0732,ASIAN/PACIFIC ISLANDER,114,1,110,3,0
0732,HISPANIC,763,9,740,10,4
0733,BLACK,445,2,436,3,4
0733,HISPANIC,1210,13,1182,11,4
0733,AMER IND/ALASKAN NATIVE,14,1,12,1,0
0733,ASIAN/PACIFIC ISLANDER,192,1,189,2,0
0733,WHITE,2546,33,2485,21,7
0734,AMER IND/ALASKAN NATIVE,8,0,7,1,0
0734,ASIAN/PACIFIC ISLANDER,267,0,263,1,3
0734,BLACK,355,2,351,1,1
0734,HISPANIC,1018,3,1000,14,1
0734,WHITE,1823,13,1780,26,4
0735,WHITE,2762,34,2685,42,1
0735,BLACK,489,5,477,6,1
0735,AMER IND/ALASKAN NATIVE,4,0,3,1,0
0735,HISPANIC,1339,13,1302,22,2
0735,ASIAN/PACIFIC ISLANDER,206,7,194,5,0
0811,AMER IND/ALASKAN NATIVE,1,1,0,0,0
0811,BLACK,3,3,0,0,0
0811,HISPANIC,102,46,13,43,0
0811,ASIAN/PACIFIC ISLANDER,35,19,2,14,0
0811,WHITE,936,492,97,336,11
0812,HISPANIC,106,41,19,45,1
0812,ASIAN/PACIFIC ISLANDER,19,3,3,13,0
0812,BLACK,3,1,1,1,0
0812,WHITE,749,379,78,283,9
0813,ASIAN/PACIFIC ISLANDER,34,7,4,23,0
0813,AMER IND/ALASKAN NATIVE,5,4,1,0,0
0813,HISPANIC,222,51,34,137,0
0813,BLACK,132,44,39,43,6
0813,WHITE,1192,307,150,723,12
0814,BLACK,23,2,18,3,0
0814,WHITE,917,267,400,246,4
0814,HISPANIC,293,74,118,100,1
0814,ASIAN/PACIFIC ISLANDER,46,14,18,14,0
0815,AMER IND/ALASKAN NATIVE,6,1,0,5,0
0815,WHITE,1231,384,182,658,7
0815,HISPANIC,206,37,19,147,3
0815,BLACK,16,2,4,9,1
0815,ASIAN/PACIFIC ISLANDER,39,5,4,26,4
0821,HISPANIC,309,44,38,226,1
0821,AMER IND/ALASKAN NATIVE,99,32,11,56,0
0821,ASIAN/PACIFIC ISLANDER,12,0,0,12,0
0821,BLACK,21,0,5,16,0
0821,WHITE,639,169,51,417,2
0822,BLACK,184,10,19,152,3
0822,WHITE,749,82,86,577,4
0822,ASIAN/PACIFIC ISLANDER,23,4,3,16,0
0822,HISPANIC,741,82,56,595,8
0822,AMER IND/ALASKAN NATIVE,10,1,0,8,1
0823,AMER IND/ALASKAN NATIVE,2,0,1,1,0
0823,WHITE,2528,201,1324,996,7
0823,BLACK,476,44,245,180,7
0823,HISPANIC,798,54,334,407,3
0823,ASIAN/PACIFIC ISLANDER,80,6,39,34,1
0824,AMER IND/ALASKAN NATIVE,1,0,0,1,0
0824,WHITE,1788,92,876,813,7
0824,BLACK,256,10,184,61,1
0824,HISPANIC,612,37,241,331,3
0824,ASIAN/PACIFIC ISLANDER,43,1,27,15,0
0825,WHITE,4008,156,3426,411,15
0825,BLACK,628,25,524,74,5
0825,ASIAN/PACIFIC ISLANDER,115,2,102,11,0
0825,HISPANIC,996,31,843,116,6
0831,ASIAN/PACIFIC ISLANDER,79,5,47,26,1
0831,BLACK,327,10,262,54,1
0831,HISPANIC,434,21,275,137,1
0831,AMER IND/ALASKAN NATIVE,1,0,0,1,0
0831,WHITE,1440,101,971,361,7
0832,HISPANIC,1553,38,1381,126,8
0832,WHITE,3339,107,3057,170,5
0832,BLACK,878,17,799,52,10
0832,ASIAN/PACIFIC ISLANDER,212,10,179,22,1
0832,AMER IND/ALASKAN NATIVE,6,0,6,0,0
0833,BLACK,49,6,13,30,0
0833,HISPANIC,182,19,45,118,0
0833,WHITE,929,114,201,604,10
0833,ASIAN/PACIFIC ISLANDER,85,16,17,52,0
0834,HISPANIC,343,73,163,106,1
0834,BLACK,117,8,85,23,1
0834,WHITE,941,217,469,249,6
0834,ASIAN/PACIFIC ISLANDER,60,9,35,16,0
0835,ASIAN/PACIFIC ISLANDER,108,7,96,4,1
0835,AMER IND/ALASKAN NATIVE,1,0,1,0,0
0835,HISPANIC,294,22,239,32,1
0835,WHITE,1541,88,1335,111,7
0835,BLACK,542,20,500,22,0
0911,WHITE,1094,161,66,839,28
0911,HISPANIC,308,32,15,254,7
0911,ASIAN/PACIFIC ISLANDER,59,4,5,50,0
0911,BLACK,15,1,3,10,1
0912,WHITE,1007,219,105,650,33
0912,ASIAN/PACIFIC ISLANDER,73,8,5,56,4
0912,BLACK,42,10,6,23,3
0912,HISPANIC,471,98,50,301,22
0913,WHITE,1100,478,137,430,55
0913,ASIAN/PACIFIC ISLANDER,41,8,4,22,7
0913,BLACK,54,14,15,22,3
0913,HISPANIC,564,185,64,280,35
0913,AMER IND/ALASKAN NATIVE,1,1,0,0,0
0914,AMER IND/ALASKAN NATIVE,1,0,0,0,1
0914,ASIAN/PACIFIC ISLANDER,179,21,85,27,46
0914,BLACK,616,34,532,20,30
0914,WHITE,1259,157,672,255,175
0914,HISPANIC,283,45,136,76,26
0915,ASIAN/PACIFIC ISLANDER,27,11,4,10,2
0915,HISPANIC,311,100,128,68,15
0915,WHITE,819,271,384,145,19
0915,BLACK,144,32,103,7,2
0921,ASIAN/PACIFIC ISLANDER,70,1,3,65,1
0921,BLACK,65,3,17,44,1
0921,HISPANIC,762,48,29,681,4
0921,WHITE,1463,156,129,1160,18
0922,ASIAN/PACIFIC ISLANDER,87,7,10,69,1
0922,WHITE,1296,134,125,1032,5
0922,HISPANIC,808,80,67,648,13
0922,BLACK,117,11,31,72,3
0923,ASIAN/PACIFIC ISLANDER,69,4,6,59,0
0923,WHITE,982,44,93,845,0
0923,HISPANIC,494,17,35,440,2
0923,BLACK,44,1,7,36,0
0924,HISPANIC,986,59,144,775,8
0924,AMER IND/ALASKAN NATIVE,2,0,2,0,0
0924,WHITE,1658,119,271,1255,13
0924,BLACK,147,11,32,103,1
0924,ASIAN/PACIFIC ISLANDER,100,10,18,72,0
0925,AMER IND/ALASKAN NATIVE,2,0,2,0,0
0925,HISPANIC,261,78,142,37,4
0925,BLACK,230,13,195,21,1
0925,WHITE,1098,275,682,128,13
0925,ASIAN/PACIFIC ISLANDER,36,7,18,11,0
0931,HISPANIC,697,32,148,513,4
0931,BLACK,107,10,55,42,0
0931,ASIAN/PACIFIC ISLANDER,86,1,20,64,1
0931,WHITE,1245,40,353,847,5
0932,ASIAN/PACIFIC ISLANDER,105,3,72,26,4
0932,WHITE,1488,61,1129,297,1
0932,BLACK,427,16,341,66,4
0932,HISPANIC,600,17,423,158,2
0933,HISPANIC,494,38,202,245,9
0933,ASIAN/PACIFIC ISLANDER,63,1,28,33,1
0933,WHITE,1367,77,712,569,9
0933,BLACK,166,4,127,34,1
0934,HISPANIC,806,17,728,56,5
0934,BLACK,637,6,586,40,5
0934,AMER IND/ALASKAN NATIVE,4,0,4,0,0
0934,WHITE,2153,39,1958,151,5
0934,ASIAN/PACIFIC ISLANDER,126,1,119,6,0
0935,WHITE,1019,58,887,69,5
0935,AMER IND/ALASKAN NATIVE,1,0,1,0,0
0935,ASIAN/PACIFIC ISLANDER,39,2,30,6,1
0935,BLACK,388,12,365,10,1
0935,HISPANIC,383,14,331,38,0
1011,HISPANIC,4099,102,3753,232,12
1011,WHITE,5583,132,5223,212,16
1011,BLACK,1221,23,1151,45,2
1011,ASIAN/PACIFIC ISLANDER,438,9,400,28,1
1011,UNKNOWN,2,0,2,0,0
1011,AMER IND/ALASKAN NATIVE,4,0,3,1,0
1012,HISPANIC,1862,98,1491,255,18
1012,WHITE,1650,89,1331,226,4
1012,BLACK,375,15,330,28,2
1012,ASIAN/PACIFIC ISLANDER,237,17,178,39,3
1013,ASIAN/PACIFIC ISLANDER,72,8,32,32,0
1013,BLACK,168,10,81,75,2
1013,HISPANIC,2841,225,879,1724,13
1013,WHITE,1492,85,613,782,12
1014,UNKNOWN,1,0,1,0,0
1014,BLACK,605,16,541,45,3
1014,ASIAN/PACIFIC ISLANDER,199,8,162,28,1
1014,WHITE,2522,59,2194,258,11
1014,HISPANIC,2657,67,2256,322,12
1021,HISPANIC,3170,69,2922,166,13
1021,BLACK,745,11,702,31,1
1021,ASIAN/PACIFIC ISLANDER,198,2,188,8,0
1021,WHITE,3517,67,3244,199,7
1021,AMER IND/ALASKAN NATIVE,3,0,3,0,0
1022,HISPANIC,2310,116,1656,522,16
1022,BLACK,880,43,705,125,7
1022,ASIAN/PACIFIC ISLANDER,127,9,83,33,2
1022,WHITE,2187,117,1685,371,14
1023,HISPANIC,1048,92,353,597,6
1023,UNKNOWN,1,1,0,0,0
1023,BLACK,436,50,169,215,2
1023,WHITE,705,63,277,360,5
1023,ASIAN/PACIFIC ISLANDER,252,29,104,118,1
1024,WHITE,2172,56,699,1416,1
1024,AMER IND/ALASKAN NATIVE,6,0,6,0,0
1024,HISPANIC,3735,103,813,2812,7
1024,BLACK,351,10,147,194,0
1024,ASIAN/PACIFIC ISLANDER,152,5,29,117,1
1031,HISPANIC,3568,161,207,3194,6
1031,WHITE,1555,48,97,1408,2
1031,BLACK,165,7,21,134,3
1031,ASIAN/PACIFIC ISLANDER,124,2,9,112,1
1032,BLACK,115,1,20,94,0
1032,HISPANIC,2429,96,120,2205,8
1032,WHITE,1563,58,89,1413,3
1032,ASIAN/PACIFIC ISLANDER,176,2,5,165,4
1033,HISPANIC,3134,124,268,2723,19
1033,ASIAN/PACIFIC ISLANDER,57,1,10,46,0
1033,WHITE,1959,129,188,1628,14
1033,BLACK,112,1,28,83,0
1034,ASIAN/PACIFIC ISLANDER,91,12,12,66,1
1034,BLACK,149,10,46,91,2
1034,UNKNOWN,9,2,1,6,0
1034,HISPANIC,2727,208,365,2130,24
1034,WHITE,1205,113,161,922,9
111,ASIAN/PACIFIC ISLANDER,47,11,30,3,3
111,BLACK,267,59,162,30,16
111,HISPANIC,222,50,152,17,3
111,AMER IND/ALASKAN NATIVE,1,0,1,0,0
111,WHITE,757,180,493,62,22
1111,HISPANIC,1680,89,1277,310,4
1111,AMER IND/ALASKAN NATIVE,6,0,4,2,0
1111,WHITE,3910,218,3093,579,20
1111,ASIAN/PACIFIC ISLANDER,178,10,135,32,1
1111,BLACK,396,21,313,55,7
1112,ASIAN/PACIFIC ISLANDER,650,35,511,100,4
1112,BLACK,1276,54,1035,177,10
1112,WHITE,9667,551,7763,1305,48
1112,AMER IND/ALASKAN NATIVE,9,1,7,0,1
1112,HISPANIC,5448,309,4268,824,47
1113,WHITE,5312,349,4770,176,17
1113,HISPANIC,2374,129,2140,99,6
1113,BLACK,764,29,705,23,7
1113,ASIAN/PACIFIC ISLANDER,320,12,292,13,3
1113,AMER IND/ALASKAN NATIVE,2,0,2,0,0
1114,AMER IND/ALASKAN NATIVE,8,1,7,0,0
1114,ASIAN/PACIFIC ISLANDER,154,26,117,9,2
1114,BLACK,495,45,431,18,1
1114,HISPANIC,1782,324,1361,88,9
1114,WHITE,3464,714,2551,179,20
1115,HISPANIC,3925,234,3559,106,26
1115,BLACK,771,46,701,19,5
1115,AMER IND/ALASKAN NATIVE,3,0,2,1,0
1115,ASIAN/PACIFIC ISLANDER,579,26,528,22,3
1115,WHITE,7465,413,6751,269,32
112,HISPANIC,204,40,150,12,2
112,BLACK,208,50,135,13,10
112,ASIAN/PACIFIC ISLANDER,46,11,30,1,4
112,WHITE,522,128,342,30,22
112,AMER IND/ALASKAN NATIVE,1,0,1,0,0
1121,WHITE,6137,639,4762,701,35
1121,BLACK,776,60,625,84,7
1121,HISPANIC,3556,324,2774,445,13
1121,ASIAN/PACIFIC ISLANDER,631,85,454,86,6
1121,AMER IND/ALASKAN NATIVE,3,1,2,0,0
1122,WHITE,10188,549,9159,423,57
1122,ASIAN/PACIFIC ISLANDER,631,37,570,21,3
1122,BLACK,950,30,891,24,5
1122,HISPANIC,4035,175,3668,167,25
1122,AMER IND/ALASKAN NATIVE,2,1,1,0,0
1123,BLACK,446,17,391,34,4
1123,AMER IND/ALASKAN NATIVE,5,0,5,0,0
1123,ASIAN/PACIFIC ISLANDER,257,8,240,7,2
1123,HISPANIC,1844,69,1690,78,7
1123,WHITE,3370,148,3101,108,13
1124,HISPANIC,1901,77,1762,52,10
1124,BLACK,370,10,341,16,3
1124,AMER IND/ALASKAN NATIVE,6,0,5,1,0
1124,ASIAN/PACIFIC ISLANDER,129,6,119,4,0
1124,WHITE,2680,84,2480,106,10
1125,HISPANIC,796,41,728,18,9
1125,ASIAN/PACIFIC ISLANDER,96,4,92,0,0
1125,WHITE,803,34,734,32,3
1125,BLACK,207,11,190,6,0
1125,AMER IND/ALASKAN NATIVE,2,0,2,0,0
113,HISPANIC,269,48,201,16,4
113,ASIAN/PACIFIC ISLANDER,39,11,26,2,0
113,BLACK,279,43,208,21,7
113,UNKNOWN,2,1,1,0,0
113,WHITE,628,127,440,46,15
1131,AMER IND/ALASKAN NATIVE,1,1,0,0,0
1131,BLACK,309,44,243,17,5
1131,WHITE,3231,614,2372,228,17
1131,HISPANIC,1902,384,1386,128,4
1131,ASIAN/PACIFIC ISLANDER,162,27,127,8,0
1132,AMER IND/ALASKAN NATIVE,5,2,3,0,0
1132,ASIAN/PACIFIC ISLANDER,398,31,352,11,4
1132,HISPANIC,3138,285,2714,111,28
1132,WHITE,6185,640,5247,274,24
1132,BLACK,777,80,651,38,8
1133,ASIAN/PACIFIC ISLANDER,412,16,368,24,4
1133,HISPANIC,2786,95,2573,101,17
1133,WHITE,7119,264,6539,290,26
1133,AMER IND/ALASKAN NATIVE,5,2,3,0,0
1133,BLACK,802,25,739,35,3
1134,ASIAN/PACIFIC ISLANDER,515,29,461,23,2
1134,BLACK,695,35,627,26,7
1134,WHITE,4943,236,4440,241,26
1134,HISPANIC,2182,90,1974,109,9
1134,AMER IND/ALASKAN NATIVE,11,1,10,0,0
1135,ASIAN/PACIFIC ISLANDER,384,25,318,37,4
1135,AMER IND/ALASKAN NATIVE,1,0,1,0,0
1135,BLACK,566,39,474,43,10
1135,WHITE,4374,273,3622,437,42
1135,HISPANIC,1815,135,1483,185,12
114,ASIAN/PACIFIC ISLANDER,14,5,8,1,0
114,WHITE,395,124,183,75,13
114,BLACK,288,85,126,71,6
114,HISPANIC,115,20,71,19,5
114,AMER IND/ALASKAN NATIVE,1,1,0,0,0
121,AMER IND/ALASKAN NATIVE,3,0,3,0,0
121,WHITE,353,114,210,16,13
121,ASIAN/PACIFIC ISLANDER,10,1,8,0,1
121,BLACK,104,29,64,7,4
121,HISPANIC,126,37,82,5,2
1211,ASIAN/PACIFIC ISLANDER,73,15,14,43,1
1211,HISPANIC,1146,177,278,687,4
1211,BLACK,162,35,41,83,3
1211,WHITE,855,158,244,447,6
1211,AMER IND/ALASKAN NATIVE,2,0,0,2,0
1212,WHITE,613,245,153,202,13
1212,AMER IND/ALASKAN NATIVE,3,2,0,1,0
1212,HISPANIC,711,301,185,207,18
1212,ASIAN/PACIFIC ISLANDER,70,33,10,27,0
1212,BLACK,211,73,67,66,5
1213,WHITE,892,360,238,259,35
1213,BLACK,124,44,37,37,6
1213,HISPANIC,959,323,299,316,21
1213,AMER IND/ALASKAN NATIVE,2,1,1,0,0
1213,ASIAN/PACIFIC ISLANDER,127,37,16,71,3
1214,HISPANIC,639,283,204,126,26
1214,BLACK,94,42,31,15,6
1214,ASIAN/PACIFIC ISLANDER,53,17,21,11,4
1214,WHITE,834,186,539,90,19
1215,HISPANIC,1053,314,300,405,34
1215,ASIAN/PACIFIC ISLANDER,111,31,18,58,4
1215,BLACK,213,64,67,68,14
1215,WHITE,840,235,329,256,20
122,HISPANIC,243,63,166,10,4
122,WHITE,567,170,337,49,11
122,BLACK,192,56,118,13,5
122,ASIAN/PACIFIC ISLANDER,30,5,17,7,1
1221,BLACK,152,54,54,41,3
1221,WHITE,1167,245,649,252,21
1221,ASIAN/PACIFIC ISLANDER,70,16,26,26,2
1221,HISPANIC,1183,268,583,318,14
1222,BLACK,281,21,241,18,1
1222,AMER IND/ALASKAN NATIVE,1,1,0,0,0
1222,WHITE,3779,217,3408,140,14
1222,ASIAN/PACIFIC ISLANDER,152,21,119,12,0
1222,HISPANIC,1549,123,1351,72,3
1223,ASIAN/PACIFIC ISLANDER,73,6,65,2,0
1223,WHITE,1664,168,1392,81,23
1223,BLACK,190,20,147,21,2
1223,HISPANIC,961,100,798,55,8
1224,BLACK,133,36,74,18,5
1224,WHITE,1130,279,676,129,46
1224,HISPANIC,431,108,252,58,13
1224,ASIAN/PACIFIC ISLANDER,43,18,17,7,1
1225,BLACK,277,26,219,23,9
1225,HISPANIC,982,74,835,63,10
1225,ASIAN/PACIFIC ISLANDER,102,11,75,16,0
1225,WHITE,1539,170,1248,110,11
123,BLACK,283,56,195,19,13
123,HISPANIC,197,45,125,21,6
123,WHITE,566,123,384,35,24
123,ASIAN/PACIFIC ISLANDER,38,13,21,3,1
1231,HISPANIC,397,85,222,73,17
1231,BLACK,352,68,207,54,23
1231,ASIAN/PACIFIC ISLANDER,42,9,28,4,1
1231,WHITE,1436,362,846,174,54
1232,ASIAN/PACIFIC ISLANDER,79,16,42,18,3
1232,HISPANIC,580,141,344,66,29
1232,BLACK,370,97,219,36,18
1232,AMER IND/ALASKAN NATIVE,1,0,1,0,0
1232,WHITE,1551,339,962,179,71
1233,BLACK,522,48,373,95,6
1233,HISPANIC,1680,106,956,596,22
1233,ASIAN/PACIFIC ISLANDER,172,17,111,43,1
1233,WHITE,2344,181,1554,570,39
1234,WHITE,2960,229,291,2423,17
1234,HISPANIC,3009,225,291,2482,11
1234,BLACK,347,36,37,268,6
1234,ASIAN/PACIFIC ISLANDER,295,24,21,248,2
1235,HISPANIC,1218,137,216,849,16
1235,ASIAN/PACIFIC ISLANDER,84,3,15,62,4
1235,BLACK,219,35,56,122,6
1235,WHITE,1665,264,423,955,23
1235,AMER IND/ALASKAN NATIVE,1,0,1,0,0
124,HISPANIC,412,73,297,38,4
124,AMER IND/ALASKAN NATIVE,2,0,2,0,0
124,ASIAN/PACIFIC ISLANDER,48,10,30,6,2
124,WHITE,554,95,403,49,7
124,BLACK,316,45,238,25,8
131,BLACK,374,56,285,22,11
131,AMER IND/ALASKAN NATIVE,2,0,1,0,1
131,HISPANIC,309,14,278,10,7
131,WHITE,836,97,645,76,18
131,ASIAN/PACIFIC ISLANDER,88,15,53,15,5
132,AMER IND/ALASKAN NATIVE,4,0,4,0,0
132,BLACK,277,108,123,32,14
132,ASIAN/PACIFIC ISLANDER,46,8,34,3,1
132,WHITE,343,95,175,61,12
132,HISPANIC,113,29,71,12,1
133,WHITE,308,20,258,21,9
133,BLACK,165,10,140,12,3
133,HISPANIC,132,8,109,8,7
133,AMER IND/ALASKAN NATIVE,1,0,1,0,0
133,ASIAN/PACIFIC ISLANDER,54,6,40,7,1
1411,ASIAN/PACIFIC ISLANDER,71,17,10,43,1
1411,HISPANIC,461,142,64,238,17
1411,WHITE,475,141,57,271,6
1411,BLACK,65,17,9,33,6
1411,AMER IND/ALASKAN NATIVE,42,15,6,20,1
1412,HISPANIC,586,152,68,353,13
1412,WHITE,511,129,50,324,8
1412,BLACK,108,22,11,73,2
1412,ASIAN/PACIFIC ISLANDER,76,24,3,48,1
1412,AMER IND/ALASKAN NATIVE,98,32,7,52,7
1413,AMER IND/ALASKAN NATIVE,10,3,0,7,0
1413,BLACK,65,10,15,37,3
1413,WHITE,519,107,76,330,6
1413,HISPANIC,362,54,58,248,2
1413,ASIAN/PACIFIC ISLANDER,93,14,18,59,2
1414,WHITE,481,154,75,244,8
1414,HISPANIC,576,151,75,330,20
1414,ASIAN/PACIFIC ISLANDER,77,21,19,36,1
1414,BLACK,99,31,18,48,2
1414,AMER IND/ALASKAN NATIVE,51,15,5,28,3
1421,ASIAN/PACIFIC ISLANDER,187,23,36,126,2
1421,AMER IND/ALASKAN NATIVE,57,11,6,39,1
1421,HISPANIC,652,92,109,443,8
1421,WHITE,694,106,131,448,9
1421,BLACK,74,16,19,39,0
1422,ASIAN/PACIFIC ISLANDER,472,31,152,288,1
1422,BLACK,70,11,14,45,0
1422,AMER IND/ALASKAN NATIVE,88,7,19,61,1
1422,WHITE,1513,173,411,926,3
1422,HISPANIC,1210,112,319,772,7
1423,ASIAN/PACIFIC ISLANDER,220,17,111,90,2
1423,BLACK,81,16,24,39,2
1423,HISPANIC,736,96,230,403,7
1423,WHITE,1018,115,415,483,5
1423,AMER IND/ALASKAN NATIVE,53,4,23,23,3
1424,ASIAN/PACIFIC ISLANDER,160,74,42,35,9
1424,HISPANIC,734,301,227,175,31
1424,AMER IND/ALASKAN NATIVE,14,2,8,3,1
1424,WHITE,638,279,170,167,22
1424,BLACK,106,49,27,24,6
1431,AMER IND/ALASKAN NATIVE,34,11,5,15,3
1431,HISPANIC,276,68,56,147,5
1431,ASIAN/PACIFIC ISLANDER,78,21,6,45,6
1431,BLACK,117,48,14,50,5
1431,WHITE,304,92,65,136,11
1432,ASIAN/PACIFIC ISLANDER,60,29,7,18,6
1432,WHITE,284,108,58,103,15
1432,AMER IND/ALASKAN NATIVE,15,10,1,4,0
1432,BLACK,91,46,16,24,5
1432,HISPANIC,232,92,46,87,7
1433,AMER IND/ALASKAN NATIVE,24,12,6,5,1
1433,HISPANIC,291,98,76,101,16
1433,BLACK,80,23,25,30,2
1433,ASIAN/PACIFIC ISLANDER,90,49,18,19,4
1433,WHITE,474,173,138,140,23
1434,ASIAN/PACIFIC ISLANDER,273,109,65,87,12
1434,AMER IND/ALASKAN NATIVE,78,32,14,29,3
1434,WHITE,540,194,110,218,18
1434,HISPANIC,479,144,120,199,16
1434,BLACK,210,95,31,71,13
1511,BLACK,428,13,385,26,4
1511,HISPANIC,918,19,865,28,6
1511,ASIAN/PACIFIC ISLANDER,113,1,110,2,0
1511,WHITE,3089,92,2850,135,12
1512,WHITE,1890,85,1722,69,14
1512,BLACK,194,4,177,9,4
1512,HISPANIC,648,38,580,26,4
1512,ASIAN/PACIFIC ISLANDER,89,5,82,2,0
1513,ASIAN/PACIFIC ISLANDER,115,11,92,10,2
1513,WHITE,1725,135,1480,94,16
1513,HISPANIC,772,63,656,51,2
1513,BLACK,251,16,215,18,2
1522,HISPANIC,1872,56,1765,43,8
1522,BLACK,907,19,866,19,3
1522,ASIAN/PACIFIC ISLANDER,225,5,212,7,1
1522,WHITE,5751,137,5438,158,18
1523,ASIAN/PACIFIC ISLANDER,293,3,276,10,4
1523,WHITE,4397,86,4127,167,17
1523,BLACK,503,15,468,16,4
1523,HISPANIC,1695,33,1586,69,7
1524,ASIAN/PACIFIC ISLANDER,144,5,126,12,1
1524,WHITE,3626,89,3340,180,17
1524,HISPANIC,1227,22,1109,88,8
1524,BLACK,506,8,462,34,2
1531,WHITE,5996,207,5481,279,29
1531,ASIAN/PACIFIC ISLANDER,173,5,160,8,0
1531,HISPANIC,2008,66,1803,128,11
1531,BLACK,803,14,758,27,4
1532,WHITE,6705,216,6092,365,32
1532,BLACK,774,26,718,27,3
1532,HISPANIC,2380,59,2168,143,10
1532,ASIAN/PACIFIC ISLANDER,293,5,273,15,0
1533,WHITE,8073,555,7058,411,49
1533,AMER IND/ALASKAN NATIVE,1,0,1,0,0
1533,HISPANIC,3288,223,2867,177,21
1533,BLACK,950,38,871,28,13
1533,ASIAN/PACIFIC ISLANDER,396,20,357,19,0
1611,BLACK,4,3,1,0,0
1611,WHITE,681,405,70,170,36
1611,HISPANIC,276,156,26,87,7
1611,AMER IND/ALASKAN NATIVE,2,2,0,0,0
1611,ASIAN/PACIFIC ISLANDER,36,26,2,6,2
1612,HISPANIC,176,109,18,38,11
1612,ASIAN/PACIFIC ISLANDER,34,30,4,0,0
1612,WHITE,548,348,65,119,16
1612,BLACK,4,3,0,1,0
1613,ASIAN/PACIFIC ISLANDER,29,16,3,7,3
1613,WHITE,457,274,71,97,15
1613,HISPANIC,193,108,16,61,8
1613,BLACK,15,12,1,2,0
1614,HISPANIC,157,89,11,38,19
1614,ASIAN/PACIFIC ISLANDER,9,6,0,3,0
1614,WHITE,578,371,76,104,27
1614,BLACK,16,12,3,1,0
1621,BLACK,5,2,0,3,0
1621,ASIAN/PACIFIC ISLANDER,16,4,5,7,0
1621,HISPANIC,94,46,11,31,6
1621,WHITE,471,248,78,127,18
1622,BLACK,79,52,12,15,0
1622,ASIAN/PACIFIC ISLANDER,31,11,5,14,1
1622,HISPANIC,497,252,40,183,22
1622,WHITE,1679,904,156,567,52
1623,HISPANIC,724,375,116,201,32
1623,ASIAN/PACIFIC ISLANDER,75,34,13,27,1
1623,WHITE,2314,1192,340,701,81
1623,BLACK,58,30,11,15,2
1623,AMER IND/ALASKAN NATIVE,2,0,1,1,0
1624,HISPANIC,428,176,53,189,10
1624,BLACK,23,8,1,13,1
1624,WHITE,1593,679,169,710,35
1624,ASIAN/PACIFIC ISLANDER,35,14,2,19,0
1631,WHITE,745,434,64,231,16
1631,HISPANIC,260,167,11,72,10
1631,BLACK,135,96,12,27,0
1631,ASIAN/PACIFIC ISLANDER,38,30,2,4,2
1632,BLACK,36,17,2,11,6
1632,WHITE,780,391,73,293,23
1632,HISPANIC,325,166,27,122,10
1632,ASIAN/PACIFIC ISLANDER,25,7,2,16,0
1633,ASIAN/PACIFIC ISLANDER,55,16,3,34,2
1633,BLACK,59,16,5,35,3
1633,HISPANIC,637,262,40,321,14
1633,WHITE,1999,770,137,1054,38
1634,HISPANIC,488,158,39,283,8
1634,BLACK,19,3,3,12,1
1634,ASIAN/PACIFIC ISLANDER,14,1,3,10,0
1634,AMER IND/ALASKAN NATIVE,3,1,0,2,0
1634,WHITE,1687,532,184,953,18
1651,HISPANIC,146,87,46,8,5
1651,ASIAN/PACIFIC ISLANDER,5,2,1,1,1
1651,WHITE,641,363,179,61,38
1651,BLACK,119,66,31,15,7
1652,WHITE,781,304,403,49,25
1652,ASIAN/PACIFIC ISLANDER,1,0,1,0,0
1652,BLACK,22,7,13,0,2
1652,HISPANIC,53,23,26,3,1
1653,WHITE,977,455,396,74,52
1653,HISPANIC,152,83,45,11,13
1653,ASIAN/PACIFIC ISLANDER,12,8,2,1,1
1653,BLACK,62,39,14,2,7
1654,WHITE,953,441,357,102,53
1654,HISPANIC,87,19,54,11,3
1654,BLACK,132,72,38,12,10
1654,ASIAN/PACIFIC ISLANDER,26,12,6,6,2
1655,HISPANIC,70,47,13,3,7
1655,ASIAN/PACIFIC ISLANDER,3,1,0,1,1
1655,BLACK,25,9,4,5,7
1655,WHITE,381,187,97,57,40
1711,BLACK,45,23,7,12,3
1711,HISPANIC,224,99,35,66,24
1711,WHITE,546,253,87,173,33
1711,AMER IND/ALASKAN NATIVE,15,8,2,5,0
1711,ASIAN/PACIFIC ISLANDER,166,67,31,53,15
1712,HISPANIC,747,192,99,409,47
1712,AMER IND/ALASKAN NATIVE,18,4,4,10,0
1712,WHITE,1270,401,171,633,65
1712,ASIAN/PACIFIC ISLANDER,337,82,34,195,26
1712,BLACK,80,28,11,32,9
1713,AMER IND/ALASKAN NATIVE,7,3,2,2,0
1713,HISPANIC,708,130,89,469,20
1713,BLACK,59,14,10,31,4
1713,ASIAN/PACIFIC ISLANDER,244,41,23,164,16
1713,WHITE,1247,269,160,766,52
1722,BLACK,39,26,6,7,0
1722,ASIAN/PACIFIC ISLANDER,154,72,23,50,9
1722,WHITE,1002,453,128,370,51
1722,AMER IND/ALASKAN NATIVE,11,7,2,2,0
1722,HISPANIC,373,130,63,161,19
1723,AMER IND/ALASKAN NATIVE,36,11,9,16,0
1723,HISPANIC,1535,300,301,871,63
1723,BLACK,67,14,16,35,2
1723,ASIAN/PACIFIC ISLANDER,396,62,84,234,16
1723,WHITE,2029,495,448,1010,76
1724,AMER IND/ALASKAN NATIVE,3,1,1,1,0
1724,ASIAN/PACIFIC ISLANDER,103,20,9,68,6
1724,BLACK,40,9,2,26,3
1724,HISPANIC,462,91,61,293,17
1724,WHITE,767,200,85,460,22
1731,AMER IND/ALASKAN NATIVE,9,5,1,3,0
1731,WHITE,809,247,82,470,10
1731,ASIAN/PACIFIC ISLANDER,110,29,10,68,3
1731,HISPANIC,479,152,48,274,5
1731,BLACK,47,14,3,30,0
1732,AMER IND/ALASKAN NATIVE,41,12,2,27,0
1732,HISPANIC,496,158,78,250,10
1732,WHITE,891,372,119,389,11
1732,BLACK,25,10,4,11,0
1732,ASIAN/PACIFIC ISLANDER,111,37,8,65,1
1733,WHITE,746,337,51,344,14
1733,AMER IND/ALASKAN NATIVE,6,1,0,5,0
1733,BLACK,29,12,5,11,1
1733,ASIAN/PACIFIC ISLANDER,106,26,15,63,2
1733,HISPANIC,371,98,34,230,9
1811,WHITE,2069,679,1085,268,37
1811,HISPANIC,331,95,191,40,5
1811,BLACK,96,30,47,13,6
1811,ASIAN/PACIFIC ISLANDER,27,17,6,3,1
1812,BLACK,198,82,66,33,17
1812,HISPANIC,264,86,133,33,12
1812,ASIAN/PACIFIC ISLANDER,14,9,2,2,1
1812,WHITE,788,357,279,128,24
1813,WHITE,1383,423,802,134,24
1813,ASIAN/PACIFIC ISLANDER,14,3,10,0,1
1813,BLACK,79,39,33,5,2
1813,HISPANIC,195,29,135,23,8
1813,AMER IND/ALASKAN NATIVE,1,1,0,0,0
1814,ASIAN/PACIFIC ISLANDER,45,23,16,5,1
1814,HISPANIC,214,86,75,46,7
1814,AMER IND/ALASKAN NATIVE,1,0,1,0,0
1814,BLACK,480,231,174,53,22
1814,WHITE,1159,608,330,184,37
1821,ASIAN/PACIFIC ISLANDER,92,13,72,4,3
1821,WHITE,2625,262,2225,88,50
1821,AMER IND/ALASKAN NATIVE,2,1,1,0,0
1821,BLACK,941,93,808,26,14
1821,HISPANIC,623,101,487,25,10
1822,ASIAN/PACIFIC ISLANDER,88,41,34,9,4
1822,WHITE,789,210,475,89,15
1822,HISPANIC,229,75,120,28,6
1822,BLACK,237,90,90,35,22
1823,WHITE,1798,141,1556,87,14
1823,ASIAN/PACIFIC ISLANDER,58,5,50,1,2
1823,AMER IND/ALASKAN NATIVE,2,2,0,0,0
1823,BLACK,634,41,565,16,12
1823,HISPANIC,407,38,340,24,5
1824,ASIAN/PACIFIC ISLANDER,151,49,72,24,6
1824,WHITE,2936,725,1839,311,61
1824,HISPANIC,1302,257,878,112,55
1824,BLACK,459,113,302,28,16
1831,ASIAN/PACIFIC ISLANDER,115,42,51,9,13
1831,WHITE,2348,647,1391,246,64
1831,BLACK,455,154,174,87,40
1831,HISPANIC,744,134,525,68,17
1832,AMER IND/ALASKAN NATIVE,1,0,1,0,0
1832,WHITE,1510,393,921,152,44
1832,HISPANIC,448,93,296,43,16
1832,BLACK,548,183,299,45,21
1832,ASIAN/PACIFIC ISLANDER,95,34,50,5,6
1833,WHITE,2826,783,1606,240,197
1833,HISPANIC,629,250,255,74,50
1833,AMER IND/ALASKAN NATIVE,1,0,0,1,0
1833,ASIAN/PACIFIC ISLANDER,178,55,99,14,10
1833,BLACK,445,149,226,32,38
1834,HISPANIC,1117,423,483,123,88
1834,WHITE,2322,874,1088,240,120
1834,BLACK,671,258,289,78,46
1834,ASIAN/PACIFIC ISLANDER,218,75,98,33,12
1834,AMER IND/ALASKAN NATIVE,2,1,0,1,0
1911,BLACK,51,31,4,13,3
1911,ASIAN/PACIFIC ISLANDER,68,24,21,20,3
1911,WHITE,866,375,174,283,34
1911,HISPANIC,366,160,68,118,20
1911,AMER IND/ALASKAN NATIVE,2,2,0,0,0
1912,WHITE,634,241,143,183,67
1912,BLACK,74,40,11,18,5
1912,ASIAN/PACIFIC ISLANDER,46,20,14,10,2
1912,HISPANIC,213,108,43,44,18
1913,BLACK,124,36,76,7,5
1913,WHITE,2328,358,1674,245,51
1913,HISPANIC,843,160,558,109,16
1913,ASIAN/PACIFIC ISLANDER,203,46,132,16,9
1914,BLACK,194,44,107,28,15
1914,ASIAN/PACIFIC ISLANDER,293,58,175,42,18
1914,HISPANIC,1152,247,686,183,36
1914,WHITE,4323,1034,2501,621,167
1914,AMER IND/ALASKAN NATIVE,1,0,1,0,0
1915,HISPANIC,387,135,129,100,23
1915,BLACK,108,52,26,26,4
1915,WHITE,722,265,237,191,29
1915,ASIAN/PACIFIC ISLANDER,119,31,45,34,9
1921,WHITE,538,233,123,169,13
1921,HISPANIC,108,45,11,46,6
1921,BLACK,67,28,8,24,7
1921,AMER IND/ALASKAN NATIVE,2,0,2,0,0
1921,ASIAN/PACIFIC ISLANDER,29,13,6,10,0
1922,ASIAN/PACIFIC ISLANDER,33,20,5,7,1
1922,HISPANIC,167,87,30,42,8
1922,BLACK,89,49,22,14,4
1922,WHITE,694,406,113,148,27
1923,AMER IND/ALASKAN NATIVE,1,0,1,0,0
1923,ASIAN/PACIFIC ISLANDER,59,22,29,5,3
1923,BLACK,133,60,56,13,4
1923,WHITE,1470,494,765,156,55
1923,HISPANIC,414,153,187,62,12
1924,AMER IND/ALASKAN NATIVE,3,0,1,2,0
1924,ASIAN/PACIFIC ISLANDER,199,74,91,27,7
1924,BLACK,368,97,178,52,41
1924,WHITE,3723,1111,1978,458,176
1924,HISPANIC,987,303,471,177,36
1925,ASIAN/PACIFIC ISLANDER,116,33,44,37,2
1925,WHITE,1297,421,436,399,41
1925,HISPANIC,651,147,205,276,23
1925,BLACK,121,47,53,14,7
1931,HISPANIC,97,49,16,30,2
1931,BLACK,50,29,11,8,2
1931,AMER IND/ALASKAN NATIVE,31,14,7,9,1
1931,ASIAN/PACIFIC ISLANDER,39,16,14,9,0
1931,WHITE,552,269,128,133,22
1932,BLACK,108,67,17,16,8
1932,HISPANIC,184,79,76,17,12
1932,WHITE,542,268,172,74,28
1932,AMER IND/ALASKAN NATIVE,1,0,1,0,0
1932,ASIAN/PACIFIC ISLANDER,41,21,9,9,2
1933,HISPANIC,389,135,187,52,15
1933,ASIAN/PACIFIC ISLANDER,101,39,55,3,4
1933,WHITE,1042,364,529,122,27
1933,BLACK,288,103,128,46,11
1933,AMER IND/ALASKAN NATIVE,1,0,1,0,0
1934,HISPANIC,211,105,64,32,10
1934,BLACK,123,66,34,19,4
1934,WHITE,629,300,221,86,22
1934,ASIAN/PACIFIC ISLANDER,55,19,15,16,5
1935,HISPANIC,191,99,55,28,9
1935,WHITE,893,436,285,129,43
1935,BLACK,112,65,24,13,10
1935,ASIAN/PACIFIC ISLANDER,78,39,26,9,4
2011,AMER IND/ALASKAN NATIVE,40,23,9,7,1
2011,HISPANIC,369,147,69,103,50
2011,ASIAN/PACIFIC ISLANDER,274,121,47,81,25
2011,WHITE,2086,831,399,687,169
2011,BLACK,118,46,18,28,26
2012,WHITE,993,371,219,340,63
2012,BLACK,134,62,28,28,16
2012,ASIAN/PACIFIC ISLANDER,211,86,43,64,18
2012,HISPANIC,286,143,53,73,17
2012,AMER IND/ALASKAN NATIVE,16,9,2,4,1
2013,AMER IND/ALASKAN NATIVE,11,7,3,1,0
2013,HISPANIC,248,83,95,48,22
2013,WHITE,771,300,257,174,40
2013,BLACK,45,18,14,9,4
2013,ASIAN/PACIFIC ISLANDER,557,318,100,98,41
2022,ASIAN/PACIFIC ISLANDER,144,43,65,25,11
2022,WHITE,494,136,261,78,19
2022,HISPANIC,298,87,128,62,21
2022,BLACK,48,14,23,7,4
2022,AMER IND/ALASKAN NATIVE,12,4,5,2,1
2023,ASIAN/PACIFIC ISLANDER,191,55,88,29,19
2023,BLACK,49,20,20,4,5
2023,HISPANIC,221,69,108,24,20
2023,AMER IND/ALASKAN NATIVE,19,8,9,2,0
2023,WHITE,753,219,370,127,37
2024,WHITE,2309,498,1396,338,77
2024,ASIAN/PACIFIC ISLANDER,345,62,230,34,19
2024,AMER IND/ALASKAN NATIVE,24,10,9,5,0
2024,BLACK,125,26,70,14,15
2024,HISPANIC,666,156,400,80,30
2031,HISPANIC,188,72,21,84,11
2031,BLACK,62,26,8,16,12
2031,WHITE,903,340,147,361,55
2031,ASIAN/PACIFIC ISLANDER,109,50,14,32,13
2031,AMER IND/ALASKAN NATIVE,22,9,5,8,0
2032,HISPANIC,525,226,74,111,114
2032,WHITE,855,341,137,289,88
2032,AMER IND/ALASKAN NATIVE,12,7,1,3,1
2032,ASIAN/PACIFIC ISLANDER,68,20,14,26,8
2032,BLACK,30,17,4,5,4
2033,BLACK,64,14,38,7,5
2033,AMER IND/ALASKAN NATIVE,15,6,5,2,2
2033,WHITE,1194,291,634,195,74
2033,ASIAN/PACIFIC ISLANDER,148,38,66,32,12
2033,HISPANIC,252,63,133,37,19
211,ASIAN/PACIFIC ISLANDER,25,2,20,3,0
211,BLACK,963,40,870,25,28
211,HISPANIC,376,15,346,10,5
211,AMER IND/ALASKAN NATIVE,17,1,15,1,0
211,WHITE,530,15,501,6,8
212,WHITE,865,20,824,10,11
212,AMER IND/ALASKAN NATIVE,22,0,22,0,0
212,HISPANIC,521,12,499,8,2
212,ASIAN/PACIFIC ISLANDER,23,1,20,1,1
212,BLACK,1535,37,1467,19,12
213,ASIAN/PACIFIC ISLANDER,8,1,6,0,1
213,BLACK,642,23,597,12,10
213,HISPANIC,471,9,457,4,1
213,WHITE,450,25,399,20,6
213,AMER IND/ALASKAN NATIVE,17,0,17,0,0
214,BLACK,616,14,575,19,8
214,AMER IND/ALASKAN NATIVE,17,0,17,0,0
214,WHITE,309,1,305,2,1
214,ASIAN/PACIFIC ISLANDER,8,1,6,1,0
214,HISPANIC,307,10,294,2,1
215,AMER IND/ALASKAN NATIVE,25,1,24,0,0
215,ASIAN/PACIFIC ISLANDER,35,0,32,3,0
215,BLACK,795,11,768,12,4
215,WHITE,563,7,550,3,3
215,HISPANIC,428,5,415,4,4
221,ASIAN/PACIFIC ISLANDER,8,0,8,0,0
221,BLACK,784,15,746,13,10
221,HISPANIC,442,10,424,7,1
221,AMER IND/ALASKAN NATIVE,33,0,33,0,0
221,WHITE,821,21,788,6,6
2211,ASIAN/PACIFIC ISLANDER,4,1,3,0,0
2211,HISPANIC,166,79,67,17,3
2211,WHITE,1504,711,604,163,26
2211,BLACK,319,198,94,24,3
2211,AMER IND/ALASKAN NATIVE,7,4,3,0,0
2212,ASIAN/PACIFIC ISLANDER,15,0,15,0,0
2212,AMER IND/ALASKAN NATIVE,18,0,17,1,0
2212,BLACK,639,130,476,22,11
2212,WHITE,1631,264,1269,85,13
2212,HISPANIC,503,109,366,22,6
2213,WHITE,1088,92,953,39,4
2213,BLACK,395,39,343,8,5
2213,AMER IND/ALASKAN NATIVE,11,0,11,0,0
2213,ASIAN/PACIFIC ISLANDER,9,1,8,0,0
2213,HISPANIC,476,66,389,19,2
222,AMER IND/ALASKAN NATIVE,22,2,20,0,0
222,WHITE,400,13,381,3,3
222,BLACK,929,55,834,21,19
222,HISPANIC,552,45,484,13,10
222,ASIAN/PACIFIC ISLANDER,20,6,12,1,1
2221,ASIAN/PACIFIC ISLANDER,31,0,29,2,0
2221,BLACK,737,30,695,10,2
2221,AMER IND/ALASKAN NATIVE,24,0,24,0,0
2221,WHITE,2093,61,1965,61,6
2221,HISPANIC,491,21,459,10,1
2222,AMER IND/ALASKAN NATIVE,45,1,44,0,0
2222,WHITE,3405,37,3321,39,8
2222,BLACK,915,22,872,14,7
2222,HISPANIC,834,8,818,6,2
2222,ASIAN/PACIFIC ISLANDER,46,3,43,0,0
2223,ASIAN/PACIFIC ISLANDER,48,1,47,0,0
2223,AMER IND/ALASKAN NATIVE,43,1,42,0,0
2223,WHITE,2510,74,2389,43,4
2223,HISPANIC,670,26,624,17,3
2223,BLACK,755,23,712,14,6
223,WHITE,621,9,596,9,7
223,HISPANIC,471,5,456,10,0
223,AMER IND/ALASKAN NATIVE,27,0,26,0,1
223,ASIAN/PACIFIC ISLANDER,66,1,64,1,0
223,BLACK,1012,22,967,12,11
2232,BLACK,587,16,551,13,7
2232,ASIAN/PACIFIC ISLANDER,55,0,55,0,0
2232,WHITE,2192,52,2108,25,7
2232,HISPANIC,571,12,549,6,4
2232,AMER IND/ALASKAN NATIVE,55,0,55,0,0
2233,HISPANIC,803,12,776,11,4
2233,ASIAN/PACIFIC ISLANDER,59,0,59,0,0
2233,WHITE,2174,26,2114,31,3
2233,BLACK,1298,79,1179,29,11
2233,AMER IND/ALASKAN NATIVE,13,0,13,0,0
2234,AMER IND/ALASKAN NATIVE,39,1,38,0,0
2234,WHITE,2856,59,2765,22,10
2234,ASIAN/PACIFIC ISLANDER,47,0,47,0,0
2234,BLACK,804,14,773,15,2
2234,HISPANIC,631,19,594,13,5
224,BLACK,1709,26,1573,28,82
224,HISPANIC,642,10,595,12,25
224,AMER IND/ALASKAN NATIVE,25,0,25,0,0
224,WHITE,771,15,745,9,2
224,ASIAN/PACIFIC ISLANDER,31,0,31,0,0
225,WHITE,994,27,952,9,6
225,HISPANIC,554,14,523,13,4
225,BLACK,1239,26,1164,36,13
225,ASIAN/PACIFIC ISLANDER,49,4,42,2,1
225,AMER IND/ALASKAN NATIVE,43,0,42,0,1
231,ASIAN/PACIFIC ISLANDER,84,1,81,2,0
231,AMER IND/ALASKAN NATIVE,37,0,36,1,0
231,WHITE,1104,17,1064,15,8
231,HISPANIC,532,11,513,6,2
231,BLACK,914,33,847,21,13
232,WHITE,747,10,727,6,4
232,ASIAN/PACIFIC ISLANDER,33,0,32,1,0
232,HISPANIC,788,13,758,12,5
232,AMER IND/ALASKAN NATIVE,11,0,11,0,0
232,BLACK,1153,14,1116,16,7
233,AMER IND/ALASKAN NATIVE,15,1,14,0,0
233,ASIAN/PACIFIC ISLANDER,15,2,12,0,1
233,BLACK,1095,157,847,44,47
233,WHITE,271,23,234,11,3
233,HISPANIC,188,7,177,2,2
234,WHITE,94,9,73,8,4
234,HISPANIC,51,6,38,3,4
234,AMER IND/ALASKAN NATIVE,4,0,4,0,0
234,UNKNOWN,1,0,1,0,0
234,ASIAN/PACIFIC ISLANDER,45,10,28,2,5
234,BLACK,502,56,404,18,24
235,BLACK,774,126,580,31,37
235,ASIAN/PACIFIC ISLANDER,12,3,9,0,0
235,AMER IND/ALASKAN NATIVE,5,1,4,0,0
235,WHITE,100,6,91,2,1
235,HISPANIC,42,1,38,1,2
2411,HISPANIC,511,169,195,114,33
2411,BLACK,195,75,61,34,25
2411,AMER IND/ALASKAN NATIVE,65,29,18,10,8
2411,ASIAN/PACIFIC ISLANDER,170,49,52,49,20
2411,WHITE,1475,512,502,354,107
2412,AMER IND/ALASKAN NATIVE,41,10,8,19,4
2412,BLACK,107,28,26,17,36
2412,HISPANIC,716,175,202,233,106
2412,WHITE,2104,673,552,591,288
2412,ASIAN/PACIFIC ISLANDER,269,59,59,68,83
2413,AMER IND/ALASKAN NATIVE,146,35,36,43,32
2413,ASIAN/PACIFIC ISLANDER,335,71,101,83,80
2413,WHITE,2581,766,693,728,394
2413,HISPANIC,814,196,248,256,114
2413,BLACK,129,31,26,14,58
2422,BLACK,361,69,266,17,9
2422,WHITE,9594,1160,7718,557,159
2422,ASIAN/PACIFIC ISLANDER,277,46,192,30,9
2422,HISPANIC,1478,195,1119,138,26
2422,AMER IND/ALASKAN NATIVE,20,2,15,2,1
2423,BLACK,41,7,19,11,4
2423,WHITE,1649,369,927,283,70
2423,HISPANIC,614,122,340,131,21
2423,AMER IND/ALASKAN NATIVE,9,1,7,0,1
2423,ASIAN/PACIFIC ISLANDER,122,24,70,22,6
2424,HISPANIC,863,123,514,194,32
2424,WHITE,2889,553,1790,468,78
2424,AMER IND/ALASKAN NATIVE,13,2,9,2,0
2424,BLACK,78,10,48,18,2
2424,ASIAN/PACIFIC ISLANDER,122,21,81,14,6
2431,WHITE,2480,601,1407,369,103
2431,BLACK,56,14,34,8,0
2431,AMER IND/ALASKAN NATIVE,14,1,13,0,0
2431,HISPANIC,566,132,339,77,18
2431,ASIAN/PACIFIC ISLANDER,131,33,59,31,8
2432,AMER IND/ALASKAN NATIVE,29,6,10,12,1
2432,HISPANIC,961,205,322,377,57
2432,BLACK,129,32,60,33,4
2432,ASIAN/PACIFIC ISLANDER,230,53,105,57,15
2432,WHITE,3393,871,1299,1058,165
2433,AMER IND/ALASKAN NATIVE,4,3,1,0,0
2433,BLACK,64,22,33,7,2
2433,WHITE,1603,459,747,273,124
2433,HISPANIC,497,133,229,95,40
2433,ASIAN/PACIFIC ISLANDER,98,22,51,17,8
2511,BLACK,70,23,5,42,0
2511,WHITE,976,309,94,556,17
2511,HISPANIC,243,74,28,136,5
2511,ASIAN/PACIFIC ISLANDER,43,9,2,31,1
2512,AMER IND/ALASKAN NATIVE,3,0,1,2,0
2512,HISPANIC,669,79,100,481,9
2512,BLACK,64,18,8,38,0
2512,WHITE,1976,312,277,1364,23
2512,ASIAN/PACIFIC ISLANDER,120,19,8,90,3
2513,BLACK,80,15,45,19,1
2513,ASIAN/PACIFIC ISLANDER,104,11,79,14,0
2513,AMER IND/ALASKAN NATIVE,3,0,3,0,0
2513,HISPANIC,199,19,141,34,5
2513,UNKNOWN,1,0,1,0,0
2513,WHITE,901,86,624,182,9
2514,WHITE,1712,488,152,1049,23
2514,BLACK,48,15,8,25,0
2514,ASIAN/PACIFIC ISLANDER,306,47,18,231,10
2514,HISPANIC,499,128,42,319,10
2515,AMER IND/ALASKAN NATIVE,1,0,0,1,0
2515,ASIAN/PACIFIC ISLANDER,220,13,28,177,2
2515,WHITE,3136,361,370,2380,25
2515,BLACK,214,20,18,169,7
2515,HISPANIC,1025,103,103,808,11
2521,ASIAN/PACIFIC ISLANDER,272,34,25,211,2
2521,HISPANIC,673,88,60,517,8
2521,WHITE,2080,309,219,1524,28
2521,AMER IND/ALASKAN NATIVE,6,0,0,6,0
2521,BLACK,57,11,13,32,1
2522,AMER IND/ALASKAN NATIVE,11,1,0,10,0
2522,BLACK,77,10,7,60,0
2522,ASIAN/PACIFIC ISLANDER,101,13,7,80,1
2522,HISPANIC,822,80,79,655,8
2522,WHITE,1689,180,185,1304,20
2523,WHITE,1261,321,91,829,20
2523,AMER IND/ALASKAN NATIVE,2,0,0,2,0
2523,BLACK,17,2,1,14,0
2523,ASIAN/PACIFIC ISLANDER,45,6,4,34,1
2523,HISPANIC,372,53,27,292,0
2524,HISPANIC,591,74,39,469,9
2524,ASIAN/PACIFIC ISLANDER,76,16,2,57,1
2524,AMER IND/ALASKAN NATIVE,18,2,0,16,0
2524,BLACK,52,10,4,37,1
2524,WHITE,1594,194,135,1245,20
2525,BLACK,64,3,5,56,0
2525,HISPANIC,700,63,69,565,3
2525,ASIAN/PACIFIC ISLANDER,115,10,13,92,0
2525,WHITE,1459,154,152,1140,13
2531,ASIAN/PACIFIC ISLANDER,266,3,239,22,2
2531,AMER IND/ALASKAN NATIVE,8,1,6,1,0
2531,HISPANIC,996,30,821,132,13
2531,BLACK,406,20,324,53,9
2531,WHITE,3560,124,3060,363,13
2532,BLACK,375,13,304,53,5
2532,WHITE,4556,141,3838,546,31
2532,UNKNOWN,1,1,0,0,0
2532,AMER IND/ALASKAN NATIVE,11,0,10,1,0
2532,ASIAN/PACIFIC ISLANDER,261,7,213,40,1
2532,HISPANIC,1247,48,1001,185,13
2533,ASIAN/PACIFIC ISLANDER,260,4,179,74,3
2533,WHITE,4608,251,3310,1021,26
2533,HISPANIC,1575,78,1036,451,10
2533,BLACK,394,28,260,102,4
2533,UNKNOWN,1,0,0,1,0
2533,AMER IND/ALASKAN NATIVE,13,0,9,4,0
2534,ASIAN/PACIFIC ISLANDER,322,27,125,167,3
2534,HISPANIC,1764,148,698,910,8
2534,BLACK,186,19,95,69,3
2534,WHITE,4002,442,1663,1859,38
2534,AMER IND/ALASKAN NATIVE,14,0,4,10,0
2535,UNKNOWN,1,1,0,0,0
2535,WHITE,3087,357,851,1862,17
2535,AMER IND/ALASKAN NATIVE,9,1,2,6,0
2535,HISPANIC,1498,174,400,914,10
2535,BLACK,167,24,72,69,2
2535,ASIAN/PACIFIC ISLANDER,238,28,65,145,0
3100,BLACK,577,58,476,36,7
3100,ASIAN/PACIFIC ISLANDER,55,10,34,10,1
3100,AMER IND/ALASKAN NATIVE,4,2,2,0,0
3100,WHITE,1623,251,1104,239,29
3100,HISPANIC,731,75,489,153,14
311,ASIAN/PACIFIC ISLANDER,52,2,48,2,0
311,WHITE,756,17,730,7,2
311,AMER IND/ALASKAN NATIVE,2,0,1,1,0
311,BLACK,634,26,585,18,5
311,HISPANIC,529,8,515,5,1
311,UNKNOWN,5,0,5,0,0
312,WHITE,2049,40,1982,23,4
312,ASIAN/PACIFIC ISLANDER,165,6,158,0,1
312,UNKNOWN,13,0,13,0,0
312,BLACK,1082,20,1033,14,15
312,HISPANIC,1237,14,1207,12,4
313,ASIAN/PACIFIC ISLANDER,146,3,138,5,0
313,HISPANIC,791,6,777,4,4
313,UNKNOWN,14,0,14,0,0
313,BLACK,709,14,691,3,1
313,WHITE,1161,8,1134,16,3
314,WHITE,498,4,487,4,3
314,ASIAN/PACIFIC ISLANDER,36,1,35,0,0
314,BLACK,529,23,488,10,8
314,HISPANIC,254,5,248,1,0
321,HISPANIC,945,20,912,10,3
321,ASIAN/PACIFIC ISLANDER,250,2,245,3,0
321,AMER IND/ALASKAN NATIVE,3,0,3,0,0
321,WHITE,2084,21,2021,35,7
321,BLACK,980,22,941,13,4
322,ASIAN/PACIFIC ISLANDER,72,0,72,0,0
322,BLACK,716,12,689,9,6
322,WHITE,1221,20,1183,17,1
322,HISPANIC,773,7,754,10,2
323,BLACK,881,16,848,11,6
323,WHITE,1499,13,1461,19,6
323,HISPANIC,850,12,820,15,3
323,ASIAN/PACIFIC ISLANDER,95,1,94,0,0
324,ASIAN/PACIFIC ISLANDER,87,3,84,0,0
324,BLACK,731,12,710,7,2
324,HISPANIC,534,11,512,9,2
324,WHITE,1203,19,1175,6,3
331,BLACK,968,22,918,23,5
331,WHITE,1702,12,1646,44,0
331,ASIAN/PACIFIC ISLANDER,81,1,76,4,0
331,HISPANIC,1013,11,974,21,7
332,BLACK,1234,27,1189,14,4
332,WHITE,1329,9,1307,9,4
332,HISPANIC,794,10,772,9,3
332,ASIAN/PACIFIC ISLANDER,204,2,201,1,0
333,ASIAN/PACIFIC ISLANDER,43,1,41,1,0
333,WHITE,972,5,954,13,0
333,HISPANIC,554,3,545,5,1
333,BLACK,645,11,621,8,5
334,ASIAN/PACIFIC ISLANDER,34,0,33,0,1
334,WHITE,803,7,772,16,8
334,HISPANIC,903,21,844,33,5
334,BLACK,368,7,354,5,2
411,ASIAN/PACIFIC ISLANDER,23,2,21,0,0
411,WHITE,684,8,667,6,3
411,BLACK,265,4,257,3,1
411,HISPANIC,264,1,257,5,1
412,WHITE,410,9,389,9,3
412,ASIAN/PACIFIC ISLANDER,22,0,21,1,0
412,HISPANIC,157,4,151,1,1
412,BLACK,236,6,226,3,1
413,HISPANIC,186,8,171,3,4
413,WHITE,527,4,514,8,1
413,ASIAN/PACIFIC ISLANDER,14,0,14,0,0
413,BLACK,293,5,283,2,3
413,AMER IND/ALASKAN NATIVE,1,0,1,0,0
414,WHITE,1061,15,1021,16,9
414,HISPANIC,436,6,430,0,0
414,ASIAN/PACIFIC ISLANDER,29,0,29,0,0
414,BLACK,493,7,475,7,4
421,HISPANIC,957,20,908,24,5
421,ASIAN/PACIFIC ISLANDER,62,1,58,2,1
421,WHITE,1679,28,1602,41,8
421,BLACK,660,6,631,10,13
422,WHITE,1729,34,1653,33,9
422,ASIAN/PACIFIC ISLANDER,30,0,26,3,1
422,HISPANIC,708,15,663,25,5
422,BLACK,500,12,472,14,2
423,BLACK,430,15,368,42,5
423,HISPANIC,1291,26,971,286,8
423,ASIAN/PACIFIC ISLANDER,56,0,42,14,0
423,WHITE,1618,30,1391,195,2
424,ASIAN/PACIFIC ISLANDER,28,1,20,7,0
424,HISPANIC,605,23,359,217,6
424,WHITE,919,20,659,237,3
424,BLACK,182,4,141,32,5
431,ASIAN/PACIFIC ISLANDER,15,1,6,7,1
431,HISPANIC,486,28,296,161,1
431,AMER IND/ALASKAN NATIVE,2,0,2,0,0
431,BLACK,111,4,90,17,0
431,WHITE,872,32,687,147,6
432,HISPANIC,795,46,169,572,8
432,ASIAN/PACIFIC ISLANDER,36,2,10,24,0
432,BLACK,43,1,11,31,0
432,WHITE,887,92,186,605,4
433,WHITE,481,124,101,250,6
433,BLACK,5,3,1,1,0
433,ASIAN/PACIFIC ISLANDER,5,0,0,5,0
433,HISPANIC,198,43,33,116,6
434,ASIAN/PACIFIC ISLANDER,6,1,3,2,0
434,WHITE,451,46,285,118,2
434,AMER IND/ALASKAN NATIVE,1,0,0,1,0
434,BLACK,22,2,18,2,0
434,HISPANIC,252,14,165,72,1
511,BLACK,1180,26,1130,21,3
511,WHITE,1506,25,1467,11,3
511,ASIAN/PACIFIC ISLANDER,79,1,78,0,0
511,HISPANIC,374,8,362,1,3
512,ASIAN/PACIFIC ISLANDER,52,0,51,1,0
512,BLACK,1213,10,1184,13,6
512,AMER IND/ALASKAN NATIVE,7,0,7,0,0
512,HISPANIC,341,1,338,1,1
512,WHITE,1440,27,1394,14,5
513,ASIAN/PACIFIC ISLANDER,30,1,29,0,0
513,WHITE,1381,6,1360,12,3
513,AMER IND/ALASKAN NATIVE,4,0,4,0,0
513,HISPANIC,374,12,361,1,0
513,BLACK,950,10,923,14,3
522,HISPANIC,507,3,499,4,1
522,BLACK,978,19,941,10,8
522,WHITE,2408,24,2350,27,7
522,ASIAN/PACIFIC ISLANDER,83,1,82,0,0
523,WHITE,749,6,737,5,1
523,ASIAN/PACIFIC ISLANDER,30,0,30,0,0
523,BLACK,443,3,431,7,2
523,HISPANIC,260,4,251,5,0
524,ASIAN/PACIFIC ISLANDER,24,0,24,0,0
524,AMER IND/ALASKAN NATIVE,3,0,3,0,0
524,WHITE,897,11,864,16,6
524,HISPANIC,265,5,254,5,1
524,BLACK,429,4,420,2,3
531,HISPANIC,184,5,175,2,2
531,BLACK,593,14,560,14,5
531,WHITE,726,17,688,16,5
531,ASIAN/PACIFIC ISLANDER,34,0,34,0,0
532,ASIAN/PACIFIC ISLANDER,84,0,83,1,0
532,HISPANIC,389,4,361,24,0
532,WHITE,1238,18,1150,66,4
532,BLACK,570,13,531,23,3
533,BLACK,540,8,525,5,2
533,WHITE,474,7,459,8,0
533,HISPANIC,87,0,81,4,2
533,ASIAN/PACIFIC ISLANDER,6,0,6,0,0
611,WHITE,1500,21,1452,15,12
611,ASIAN/PACIFIC ISLANDER,77,1,76,0,0
611,AMER IND/ALASKAN NATIVE,13,0,13,0,0
611,HISPANIC,746,17,716,4,9
611,BLACK,758,15,725,14,4
612,BLACK,683,9,665,4,5
612,AMER IND/ALASKAN NATIVE,11,0,11,0,0
612,WHITE,1199,16,1173,7,3
612,ASIAN/PACIFIC ISLANDER,52,0,51,1,0
612,HISPANIC,610,4,595,9,2
613,ASIAN/PACIFIC ISLANDER,43,1,42,0,0
613,BLACK,563,4,545,8,6
613,WHITE,1035,5,1021,7,2
613,UNKNOWN,1,0,1,0,0
613,AMER IND/ALASKAN NATIVE,8,0,8,0,0
613,HISPANIC,482,5,473,2,2
614,HISPANIC,488,9,471,4,4
614,BLACK,586,5,572,4,5
614,UNKNOWN,2,0,2,0,0
614,ASIAN/PACIFIC ISLANDER,39,1,38,0,0
614,AMER IND/ALASKAN NATIVE,6,0,6,0,0
614,WHITE,1206,17,1175,10,4
621,ASIAN/PACIFIC ISLANDER,52,0,52,0,0
621,HISPANIC,646,8,632,4,2
621,BLACK,767,13,742,8,4
621,WHITE,1112,21,1083,4,4
621,AMER IND/ALASKAN NATIVE,16,0,16,0,0
622,WHITE,217,7,207,3,0
622,BLACK,290,10,274,3,3
622,AMER IND/ALASKAN NATIVE,2,0,2,0,0
622,HISPANIC,138,0,137,1,0
622,ASIAN/PACIFIC ISLANDER,9,0,9,0,0
623,HISPANIC,309,4,303,0,2
623,AMER IND/ALASKAN NATIVE,8,0,8,0,0
623,BLACK,783,9,758,13,3
623,WHITE,547,7,535,4,1
623,ASIAN/PACIFIC ISLANDER,24,0,24,0,0
624,BLACK,925,9,911,5,0
624,AMER IND/ALASKAN NATIVE,18,0,18,0,0
624,HISPANIC,1149,12,1125,6,6
624,ASIAN/PACIFIC ISLANDER,54,1,52,0,1
624,WHITE,1781,14,1755,10,2
631,HISPANIC,604,5,588,9,2
631,ASIAN/PACIFIC ISLANDER,31,0,31,0,0
631,BLACK,725,12,702,7,4
631,WHITE,1135,15,1107,11,2
631,AMER IND/ALASKAN NATIVE,61,2,57,2,0
632,AMER IND/ALASKAN NATIVE,37,2,35,0,0
632,ASIAN/PACIFIC ISLANDER,20,0,20,0,0
632,WHITE,546,8,529,7,2
632,BLACK,587,11,564,10,2
632,UNKNOWN,2,0,2,0,0
632,HISPANIC,426,2,411,11,2
633,BLACK,383,4,369,6,4
633,ASIAN/PACIFIC ISLANDER,11,0,11,0,0
633,UNKNOWN,3,0,3,0,0
633,AMER IND/ALASKAN NATIVE,11,0,11,0,0
633,WHITE,428,3,421,3,1
633,HISPANIC,239,3,230,4,2
634,UNKNOWN,4,1,3,0,0
634,HISPANIC,245,10,233,1,1
634,WHITE,459,20,429,9,1
634,ASIAN/PACIFIC ISLANDER,32,2,28,2,0
634,BLACK,678,17,648,7,6
634,AMER IND/ALASKAN NATIVE,2,0,2,0,0
711,WHITE,1357,24,1297,33,3
711,BLACK,294,11,274,8,1
711,HISPANIC,380,4,360,15,1
711,ASIAN/PACIFIC ISLANDER,82,2,77,1,2
711,AMER IND/ALASKAN NATIVE,5,0,3,2,0
712,BLACK,760,10,728,16,6
712,HISPANIC,1071,20,1025,20,6
712,AMER IND/ALASKAN NATIVE,4,0,4,0,0
712,ASIAN/PACIFIC ISLANDER,191,0,187,4,0
712,WHITE,3193,45,3093,47,8
713,ASIAN/PACIFIC ISLANDER,126,2,120,3,1
713,HISPANIC,984,16,931,34,3
713,WHITE,3057,48,2904,90,15
713,AMER IND/ALASKAN NATIVE,10,0,8,2,0
713,BLACK,605,10,571,20,4
714,WHITE,1363,22,1314,22,5
714,AMER IND/ALASKAN NATIVE,5,0,4,1,0
714,HISPANIC,563,5,539,14,5
714,BLACK,285,4,269,6,6
714,ASIAN/PACIFIC ISLANDER,71,1,66,4,0
715,WHITE,1081,21,988,71,1
715,BLACK,252,4,239,7,2
715,ASIAN/PACIFIC ISLANDER,56,1,52,2,1
715,AMER IND/ALASKAN NATIVE,7,0,6,1,0
715,HISPANIC,513,8,465,33,7
722,HISPANIC,385,10,368,5,2
722,AMER IND/ALASKAN NATIVE,1,0,1,0,0
722,BLACK,315,12,291,9,3
722,WHITE,817,13,777,23,4
722,ASIAN/PACIFIC ISLANDER,248,1,246,0,1
723,WHITE,2552,24,2501,20,7
723,HISPANIC,1108,9,1073,24,2
723,BLACK,644,5,630,7,2
723,AMER IND/ALASKAN NATIVE,5,0,5,0,0
723,ASIAN/PACIFIC ISLANDER,252,3,246,2,1
724,AMER IND/ALASKAN NATIVE,5,0,5,0,0
724,BLACK,318,2,309,5,2
724,WHITE,1644,18,1604,20,2
724,HISPANIC,741,7,719,10,5
724,ASIAN/PACIFIC ISLANDER,147,0,146,1,0
725,HISPANIC,1213,9,1180,21,3
725,WHITE,2939,29,2841,64,5
725,BLACK,819,7,797,14,1
725,AMER IND/ALASKAN NATIVE,16,1,15,0,0
725,ASIAN/PACIFIC ISLANDER,204,1,197,3,3
726,BLACK,417,1,397,19,0
726,AMER IND/ALASKAN NATIVE,10,0,9,1,0
726,WHITE,1512,16,1451,37,8
726,ASIAN/PACIFIC ISLANDER,110,1,108,0,1
726,HISPANIC,764,4,739,18,3
731,AMER IND/ALASKAN NATIVE,12,1,10,1,0
731,ASIAN/PACIFIC ISLANDER,57,0,56,1,0
731,WHITE,1732,29,1687,13,3
731,HISPANIC,603,13,583,5,2
731,BLACK,315,7,299,5,4
732,ASIAN/PACIFIC ISLANDER,137,1,131,4,1
732,AMER IND/ALASKAN NATIVE,24,0,23,1,0
732,HISPANIC,660,5,642,11,2
732,WHITE,1568,15,1535,15,3
732,BLACK,367,6,356,3,2
733,AMER IND/ALASKAN NATIVE,20,0,20,0,0
733,ASIAN/PACIFIC ISLANDER,184,1,181,1,1
733,HISPANIC,1179,8,1151,16,4
733,BLACK,595,8,582,4,1
733,WHITE,2663,17,2608,26,12
734,WHITE,2054,23,1990,31,10
734,HISPANIC,1075,12,1041,19,3
734,ASIAN/PACIFIC ISLANDER,125,1,120,2,2
734,AMER IND/ALASKAN NATIVE,8,0,8,0,0
734,BLACK,375,2,368,4,1
735,ASIAN/PACIFIC ISLANDER,149,0,148,0,1
735,AMER IND/ALASKAN NATIVE,47,5,38,4,0
735,HISPANIC,1495,15,1448,24,8
735,WHITE,3049,32,2948,54,15
735,BLACK,604,6,587,7,4
811,WHITE,821,424,109,277,11
811,HISPANIC,105,35,21,49,0
811,BLACK,7,3,2,2,0
811,ASIAN/PACIFIC ISLANDER,33,14,2,17,0
812,ASIAN/PACIFIC ISLANDER,23,6,6,11,0
812,BLACK,2,0,2,0,0
812,HISPANIC,78,38,8,32,0
812,WHITE,771,419,75,273,4
813,AMER IND/ALASKAN NATIVE,2,2,0,0,0
813,ASIAN/PACIFIC ISLANDER,42,4,2,35,1
813,BLACK,128,39,48,28,13
813,HISPANIC,259,76,53,126,4
813,WHITE,1076,244,138,684,10
814,HISPANIC,308,102,84,119,3
814,WHITE,548,204,175,166,3
814,BLACK,11,1,9,0,1
814,ASIAN/PACIFIC ISLANDER,40,9,17,13,1
815,AMER IND/ALASKAN NATIVE,12,4,0,8,0
815,HISPANIC,240,49,28,161,2
815,BLACK,19,3,4,12,0
815,WHITE,1284,361,178,731,14
815,ASIAN/PACIFIC ISLANDER,62,16,4,42,0
821,HISPANIC,341,69,38,231,3
821,BLACK,30,0,10,18,2
821,WHITE,379,70,46,256,7
821,AMER IND/ALASKAN NATIVE,162,90,7,65,0
821,ASIAN/PACIFIC ISLANDER,15,5,2,8,0
822,BLACK,178,15,13,149,1
822,HISPANIC,832,89,69,668,6
822,AMER IND/ALASKAN NATIVE,8,0,0,8,0
822,WHITE,733,65,49,616,3
822,ASIAN/PACIFIC ISLANDER,17,1,6,10,0
823,AMER IND/ALASKAN NATIVE,1,0,0,1,0
823,WHITE,1826,223,800,790,13
823,HISPANIC,987,81,356,548,2
823,BLACK,350,26,193,126,5
823,ASIAN/PACIFIC ISLANDER,68,6,32,29,1
824,AMER IND/ALASKAN NATIVE,2,0,2,0,0
824,HISPANIC,946,62,354,524,6
824,WHITE,2046,138,912,987,9
824,BLACK,174,12,102,59,1
824,ASIAN/PACIFIC ISLANDER,57,3,28,26,0
825,ASIAN/PACIFIC ISLANDER,136,2,113,21,0
825,WHITE,5114,143,4339,616,16
825,HISPANIC,1511,63,1265,170,13
825,BLACK,582,10,508,62,2
831,HISPANIC,395,19,266,108,2
831,ASIAN/PACIFIC ISLANDER,36,1,25,10,0
831,BLACK,194,16,133,42,3
831,WHITE,1463,110,973,371,9
832,ASIAN/PACIFIC ISLANDER,99,2,93,4,0
832,WHITE,2861,92,2618,141,10
832,HISPANIC,1139,25,1032,73,9
832,BLACK,465,14,439,9,3
832,AMER IND/ALASKAN NATIVE,3,0,3,0,0
833,ASIAN/PACIFIC ISLANDER,74,15,13,46,0
833,BLACK,29,4,12,13,0
833,HISPANIC,174,35,44,94,1
833,WHITE,648,118,123,403,4
834,BLACK,86,13,54,16,3
834,HISPANIC,506,110,239,149,8
834,ASIAN/PACIFIC ISLANDER,39,10,23,6,0
834,WHITE,846,243,407,184,12
835,HISPANIC,238,9,208,20,1
835,BLACK,416,12,373,29,2
835,ASIAN/PACIFIC ISLANDER,43,3,39,1,0
835,WHITE,1017,86,829,93,9
911,ASIAN/PACIFIC ISLANDER,77,14,3,56,4
911,BLACK,35,6,8,21,0
911,HISPANIC,287,39,22,225,1
911,WHITE,1006,139,81,761,25
912,WHITE,1130,295,109,676,50
912,BLACK,120,23,25,70,2
912,HISPANIC,442,106,35,276,25
912,ASIAN/PACIFIC ISLANDER,89,11,7,64,7
913,HISPANIC,464,165,56,224,19
913,ASIAN/PACIFIC ISLANDER,37,7,4,26,0
913,WHITE,934,347,109,418,60
913,BLACK,32,3,10,16,3
914,WHITE,681,111,349,150,71
914,ASIAN/PACIFIC ISLANDER,41,7,21,10,3
914,HISPANIC,396,48,244,79,25
914,BLACK,523,19,426,56,22
915,HISPANIC,193,64,74,47,8
915,ASIAN/PACIFIC ISLANDER,25,9,4,12,0
915,BLACK,99,4,84,8,3
915,WHITE,741,214,374,127,26
921,BLACK,74,4,6,62,2
921,WHITE,1658,161,68,1419,10
921,ASIAN/PACIFIC ISLANDER,90,8,4,78,0
921,HISPANIC,837,87,32,709,9
922,WHITE,1459,150,148,1155,6
922,BLACK,208,30,46,131,1
922,HISPANIC,693,65,42,575,11
922,ASIAN/PACIFIC ISLANDER,89,4,8,77,0
923,HISPANIC,360,20,50,290,0
923,WHITE,819,57,94,660,8
923,BLACK,56,7,12,36,1
923,ASIAN/PACIFIC ISLANDER,59,3,7,47,2
924,HISPANIC,1283,117,157,1003,6
924,BLACK,315,19,102,191,3
924,WHITE,1776,90,296,1385,5
924,ASIAN/PACIFIC ISLANDER,252,18,29,205,0
925,HISPANIC,221,43,148,28,2
925,BLACK,179,22,134,22,1
925,ASIAN/PACIFIC ISLANDER,24,4,14,6,0
925,WHITE,830,206,497,119,8
931,ASIAN/PACIFIC ISLANDER,130,1,38,91,0
931,BLACK,289,6,138,141,4
931,WHITE,1523,63,419,1037,4
931,HISPANIC,863,50,163,644,6
932,ASIAN/PACIFIC ISLANDER,70,2,46,22,0
932,WHITE,1798,62,1402,328,6
932,BLACK,427,18,337,66,6
932,HISPANIC,786,31,587,164,4
933,BLACK,443,13,334,93,3
933,ASIAN/PACIFIC ISLANDER,91,4,43,44,0
933,WHITE,1944,72,1233,635,4
933,HISPANIC,874,40,426,404,4
934,BLACK,1148,33,1047,64,4
934,ASIAN/PACIFIC ISLANDER,95,2,86,5,2
934,HISPANIC,1023,29,908,84,2
934,AMER IND/ALASKAN NATIVE,1,0,1,0,0
934,WHITE,3326,89,2970,257,10
935,BLACK,401,12,376,9,4
935,ASIAN/PACIFIC ISLANDER,41,0,35,6,0
935,HISPANIC,458,32,387,35,4
935,WHITE,1064,74,889,101,0
